date,location,climate_zone,temperature,rainfall,humidity,wind_speed,air_quality_index
2020-01-01,New York,Temperate,16.7,2.6,65.9,1.7,94
2020-01-08,New York,Temperate,16.0,1.2,50.0,1.5,150
2020-01-15,New York,Temperate,16.1,0.4,41.0,3.6,41
2020-01-22,New York,Temperate,20.3,0.0,31.4,7.4,189
2020-01-29,New York,Temperate,19.0,1.9,52.9,40.9,150
2020-02-05,New York,Temperate,20.3,3.9,70.8,6.0,37
2020-02-12,New York,Temperate,19.9,0.2,71.1,5.8,191
2020-02-19,New York,Temperate,25.4,1.4,32.1,24.0,183
2020-02-26,New York,Temperate,25.0,1.1,42.5,8.4,165
2020-03-04,New York,Temperate,21.8,3.0,86.4,22.5,33
2020-03-11,New York,Temperate,21.7,1.7,61.3,32.5,101
2020-03-18,New York,Temperate,28.3,1.6,65.2,33.6,143
2020-03-25,New York,Temperate,22.1,0.4,30.9,5.5,148
2020-04-01,New York,Temperate,21.9,0.4,30.3,16.9,100
2020-04-08,New York,Temperate,27.7,1.9,85.6,10.5,47
2020-04-15,New York,Temperate,26.7,4.0,67.4,4.0,67
2020-04-22,New York,Temperate,28.7,2.2,65.5,3.2,54
2020-04-29,New York,Temperate,20.4,1.3,37.2,12.5,20
2020-05-06,New York,Temperate,20.4,0.6,32.4,12.4,109
2020-05-13,New York,Temperate,24.8,0.1,36.5,0.3,71
2020-05-20,New York,Temperate,26.9,0.3,66.3,7.8,48
2020-05-27,New York,Temperate,22.3,0.5,34.6,3.4,105
2020-06-03,New York,Temperate,20.4,0.7,36.3,6.1,127
2020-06-10,New York,Temperate,21.1,0.4,83.6,7.8,111
2020-06-17,New York,Temperate,19.5,0.6,68.9,0.0,22
2020-06-24,New York,Temperate,15.3,0.0,60.6,5.4,184
2020-07-01,New York,Temperate,11.6,0.6,40.1,2.5,199
2020-07-08,New York,Temperate,16.5,0.9,88.3,32.8,58
2020-07-15,New York,Temperate,6.8,0.7,32.2,9.4,149
2020-07-22,New York,Temperate,11.3,1.1,32.0,4.2,148
2020-07-29,New York,Temperate,8.6,1.3,89.1,2.8,87
2020-08-05,New York,Temperate,8.0,0.2,52.2,2.8,57
2020-08-12,New York,Temperate,12.5,2.0,62.1,0.9,116
2020-08-19,New York,Temperate,3.3,0.3,60.5,11.9,22
2020-08-26,New York,Temperate,11.9,0.0,60.7,2.6,115
2020-09-02,New York,Temperate,8.7,0.2,86.4,5.1,58
2020-09-09,New York,Temperate,3.3,5.2,82.6,3.0,163
2020-09-16,New York,Temperate,4.3,3.4,63.3,7.5,21
2020-09-23,New York,Temperate,8.1,0.4,46.7,12.1,150
2020-09-30,New York,Temperate,5.5,3.9,54.3,21.9,135
2020-10-07,New York,Temperate,5.8,0.0,36.1,10.9,112
2020-10-14,New York,Temperate,7.8,0.7,48.3,6.6,182
2020-10-21,New York,Temperate,2.1,2.5,44.2,3.9,167
2020-10-28,New York,Temperate,8.1,0.9,74.7,12.8,147
2020-11-04,New York,Temperate,4.2,0.9,45.9,2.8,57
2020-11-11,New York,Temperate,8.0,7.7,59.2,23.7,46
2020-11-18,New York,Temperate,8.4,1.7,59.6,2.2,80
2020-11-25,New York,Temperate,13.7,1.4,64.3,14.6,36
2020-12-02,New York,Temperate,10.3,0.7,83.0,13.8,56
2020-12-09,New York,Temperate,12.0,5.3,55.7,34.0,118
2020-12-16,New York,Temperate,9.8,0.6,59.1,4.7,73
2020-12-23,New York,Temperate,12.0,2.4,64.2,1.0,51
2020-12-30,New York,Temperate,11.6,0.6,47.7,3.9,123
2021-01-06,New York,Temperate,20.2,2.4,72.1,4.5,189
2021-01-13,New York,Temperate,18.8,4.0,84.8,7.2,76
2021-01-20,New York,Temperate,19.9,2.0,41.7,0.7,163
2021-01-27,New York,Temperate,19.7,1.2,70.3,4.0,82
2021-02-03,New York,Temperate,19.3,8.0,80.3,19.7,68
2021-02-10,New York,Temperate,18.8,1.5,76.2,2.4,24
2021-02-17,New York,Temperate,21.3,1.2,80.5,2.2,113
2021-02-24,New York,Temperate,29.5,2.6,88.6,7.3,177
2021-03-03,New York,Temperate,25.7,0.1,53.9,5.7,77
2021-03-10,New York,Temperate,22.0,0.4,39.4,2.9,145
2021-03-17,New York,Temperate,29.6,0.2,41.0,27.3,148
2021-03-24,New York,Temperate,31.3,1.1,44.9,4.4,105
2021-03-31,New York,Temperate,28.1,0.0,37.0,0.5,113
2021-04-07,New York,Temperate,26.3,1.3,35.9,6.8,58
2021-04-14,New York,Temperate,27.1,0.9,57.9,10.5,29
2021-04-21,New York,Temperate,24.4,1.6,71.0,9.6,99
2021-04-28,New York,Temperate,26.2,2.1,31.6,8.8,103
2021-05-05,New York,Temperate,17.7,2.1,57.5,7.9,120
2021-05-12,New York,Temperate,26.5,2.0,79.2,10.5,62
2021-05-19,New York,Temperate,22.7,0.1,49.1,18.6,109
2021-05-26,New York,Temperate,19.0,0.8,45.6,6.9,77
2021-06-02,New York,Temperate,22.7,4.2,74.1,16.3,183
2021-06-09,New York,Temperate,23.1,0.4,75.0,16.4,196
2021-06-16,New York,Temperate,15.8,0.6,64.8,20.2,56
2021-06-23,New York,Temperate,17.6,0.5,70.8,13.5,118
2021-06-30,New York,Temperate,19.2,0.8,83.7,4.9,159
2021-07-07,New York,Temperate,14.1,6.4,80.8,4.4,47
2021-07-14,New York,Temperate,18.6,1.2,47.6,4.0,142
2021-07-21,New York,Temperate,14.9,0.5,86.8,15.2,58
2021-07-28,New York,Temperate,10.6,0.1,63.0,5.8,94
2021-08-04,New York,Temperate,6.9,0.2,38.6,14.3,164
2021-08-11,New York,Temperate,7.3,3.5,72.4,0.8,184
2021-08-18,New York,Temperate,8.3,0.5,64.9,19.9,105
2021-08-25,New York,Temperate,4.8,3.0,63.5,5.5,109
2021-09-01,New York,Temperate,5.6,0.8,56.1,2.9,145
2021-09-08,New York,Temperate,6.7,2.7,65.0,32.7,132
2021-09-15,New York,Temperate,2.9,0.2,61.7,5.7,77
2021-09-22,New York,Temperate,5.8,0.2,63.2,34.8,165
2021-09-29,New York,Temperate,5.0,0.4,43.0,3.5,20
2021-10-06,New York,Temperate,8.6,4.6,32.7,3.3,35
2021-10-13,New York,Temperate,10.7,4.4,57.3,9.7,27
2021-10-20,New York,Temperate,6.9,1.0,43.8,3.1,120
2021-10-27,New York,Temperate,2.9,7.3,89.2,12.0,164
2021-11-03,New York,Temperate,4.7,1.8,46.3,1.4,54
2021-11-10,New York,Temperate,2.5,3.5,87.0,12.9,66
2021-11-17,New York,Temperate,8.6,0.4,54.7,15.0,165
2021-11-24,New York,Temperate,12.2,8.7,39.0,9.0,82
2021-12-01,New York,Temperate,13.5,1.7,33.8,0.4,148
2021-12-08,New York,Temperate,10.0,0.0,34.5,11.8,114
2021-12-15,New York,Temperate,13.2,1.8,73.6,14.2,102
2021-12-22,New York,Temperate,14.0,0.6,57.0,1.4,70
2021-12-29,New York,Temperate,12.0,4.2,75.4,0.5,114
2022-01-05,New York,Temperate,13.8,0.2,70.3,7.3,137
2022-01-12,New York,Temperate,15.5,3.4,88.1,0.9,76
2022-01-19,New York,Temperate,20.9,1.8,58.8,5.5,104
2022-01-26,New York,Temperate,22.8,4.7,67.0,39.4,69
2022-02-02,New York,Temperate,22.0,1.8,53.5,5.8,71
2022-02-09,New York,Temperate,15.3,4.8,47.9,7.4,100
2022-02-16,New York,Temperate,28.1,6.0,38.8,26.1,93
2022-02-23,New York,Temperate,23.4,0.9,42.5,8.7,134
2022-03-02,New York,Temperate,22.2,1.5,57.6,8.8,137
2022-03-09,New York,Temperate,21.5,2.4,54.7,20.7,174
2022-03-16,New York,Temperate,26.3,2.2,40.3,2.1,166
2022-03-23,New York,Temperate,23.4,0.9,31.9,8.0,152
2022-03-30,New York,Temperate,28.1,1.2,42.4,4.5,97
2022-04-06,New York,Temperate,21.3,0.2,58.9,11.6,75
2022-04-13,New York,Temperate,21.3,4.1,85.3,0.6,45
2022-04-20,New York,Temperate,25.0,1.5,85.4,2.7,47
2022-04-27,New York,Temperate,24.1,0.9,57.8,13.8,33
2022-05-04,New York,Temperate,26.1,2.8,31.8,20.2,57
2022-05-11,New York,Temperate,24.2,1.5,44.5,3.1,47
2022-05-18,New York,Temperate,20.0,0.3,83.4,9.0,87
2022-05-25,New York,Temperate,17.8,0.9,68.9,6.5,130
2022-06-01,New York,Temperate,21.2,1.8,63.9,4.8,120
2022-06-08,New York,Temperate,23.9,0.9,68.8,8.5,78
2022-06-15,New York,Temperate,17.9,0.5,36.1,1.7,131
2022-06-22,New York,Temperate,17.0,0.4,41.2,3.4,114
2022-06-29,New York,Temperate,16.0,5.0,30.3,36.9,113
2022-07-06,New York,Temperate,16.9,0.4,70.1,26.5,98
2022-07-13,New York,Temperate,7.8,3.6,42.3,34.4,87
2022-07-20,New York,Temperate,19.7,1.1,60.5,2.8,66
2022-07-27,New York,Temperate,13.7,0.2,60.4,26.9,96
2022-08-03,New York,Temperate,12.0,1.5,33.1,4.1,29
2022-08-10,New York,Temperate,14.7,0.5,71.1,0.9,82
2022-08-17,New York,Temperate,13.8,2.3,75.6,9.1,171
2022-08-24,New York,Temperate,10.9,0.2,81.0,13.7,197
2022-08-31,New York,Temperate,7.8,0.3,73.9,27.9,95
2022-09-07,New York,Temperate,7.8,2.6,32.9,15.2,30
2022-09-14,New York,Temperate,4.8,3.2,42.1,1.8,184
2022-09-21,New York,Temperate,6.8,1.5,51.5,21.0,108
2022-09-28,New York,Temperate,8.1,2.3,57.1,12.5,51
2022-10-05,New York,Temperate,-0.6,2.8,60.2,2.6,72
2022-10-12,New York,Temperate,4.1,4.7,67.5,1.2,153
2022-10-19,New York,Temperate,9.1,2.4,40.0,21.1,52
2022-10-26,New York,Temperate,3.3,1.5,83.6,15.5,57
2022-11-02,New York,Temperate,9.0,3.0,38.6,2.3,85
2022-11-09,New York,Temperate,10.2,2.9,82.6,4.2,57
2022-11-16,New York,Temperate,1.3,1.2,66.2,7.0,155
2022-11-23,New York,Temperate,10.9,0.3,43.8,12.8,149
2022-11-30,New York,Temperate,10.0,1.7,73.0,9.1,167
2022-12-07,New York,Temperate,10.6,0.4,84.5,8.8,42
2022-12-14,New York,Temperate,14.1,0.3,65.2,7.0,130
2022-12-21,New York,Temperate,13.1,2.6,65.6,1.1,87
2022-12-28,New York,Temperate,18.1,0.9,34.1,0.8,59
2023-01-04,New York,Temperate,17.7,3.7,84.6,1.3,120
2023-01-11,New York,Temperate,17.0,1.8,53.9,0.6,156
2023-01-18,New York,Temperate,21.3,0.5,77.3,9.3,54
2023-01-25,New York,Temperate,21.7,5.0,50.8,4.3,181
2023-02-01,New York,Temperate,13.3,5.0,65.2,0.3,198
2023-02-08,New York,Temperate,22.6,0.4,32.0,3.7,48
2023-02-15,New York,Temperate,17.5,1.7,67.9,0.1,68
2023-02-22,New York,Temperate,22.1,0.2,89.8,7.0,20
2023-03-01,New York,Temperate,20.3,0.7,53.8,5.6,81
2023-03-08,New York,Temperate,22.4,0.1,58.3,8.3,37
2023-03-15,New York,Temperate,22.9,0.7,72.8,7.5,132
2023-03-22,New York,Temperate,28.6,0.3,40.9,19.8,122
2023-03-29,New York,Temperate,18.8,2.8,46.3,22.8,181
2023-04-05,New York,Temperate,23.9,0.3,73.0,10.8,84
2023-04-12,New York,Temperate,24.6,1.6,45.2,2.2,91
2023-04-19,New York,Temperate,24.8,0.4,69.2,2.7,181
2023-04-26,New York,Temperate,23.7,3.3,89.3,9.2,65
2023-05-03,New York,Temperate,22.5,2.2,42.3,3.5,195
2023-05-10,New York,Temperate,26.3,0.2,68.0,13.3,104
2023-05-17,New York,Temperate,17.0,4.5,79.0,4.2,149
2023-05-24,New York,Temperate,26.4,0.9,32.1,17.8,56
2023-05-31,New York,Temperate,23.9,1.1,47.7,29.7,105
2023-06-07,New York,Temperate,12.6,3.0,36.9,8.3,78
2023-06-14,New York,Temperate,18.3,1.1,31.3,3.1,59
2023-06-21,New York,Temperate,17.2,2.4,54.2,2.5,41
2023-06-28,New York,Temperate,11.7,0.6,31.1,24.6,104
2023-07-05,New York,Temperate,14.7,3.4,59.9,0.7,184
2023-07-12,New York,Temperate,16.3,0.5,30.7,1.5,76
2023-07-19,New York,Temperate,13.5,0.6,73.9,2.9,72
2023-07-26,New York,Temperate,5.4,1.5,32.8,1.8,126
2023-08-02,New York,Temperate,6.0,0.4,35.4,14.7,48
2023-08-09,New York,Temperate,4.3,0.9,73.1,3.5,73
2023-08-16,New York,Temperate,5.5,1.3,69.8,27.6,88
2023-08-23,New York,Temperate,1.9,1.6,39.7,18.4,100
2023-08-30,New York,Temperate,6.1,1.4,65.8,4.1,173
2023-09-06,New York,Temperate,-0.5,0.9,54.8,12.2,123
2023-09-13,New York,Temperate,4.4,1.1,44.8,17.1,127
2023-09-20,New York,Temperate,1.9,1.8,51.7,1.0,68
2023-09-27,New York,Temperate,7.8,0.3,87.0,5.9,66
2023-10-04,New York,Temperate,7.1,2.8,73.4,10.1,44
2023-10-11,New York,Temperate,9.0,4.7,68.8,11.8,128
2023-10-18,New York,Temperate,4.5,1.8,90.0,8.1,105
2023-10-25,New York,Temperate,6.2,4.9,32.0,12.0,156
2023-11-01,New York,Temperate,5.8,1.1,77.7,13.7,135
2023-11-08,New York,Temperate,6.6,3.7,49.1,17.7,36
2023-11-15,New York,Temperate,4.1,1.6,58.9,21.6,190
2023-11-22,New York,Temperate,13.0,0.8,73.5,0.7,34
2023-11-29,New York,Temperate,10.3,2.2,74.3,7.3,189
2023-12-06,New York,Temperate,15.0,4.2,55.1,6.2,53
2023-12-13,New York,Temperate,14.1,3.2,89.9,4.3,81
2023-12-20,New York,Temperate,13.3,1.3,67.7,20.7,140
2023-12-27,New York,Temperate,13.0,1.1,74.3,2.7,22
2024-01-03,New York,Temperate,19.9,1.3,47.8,19.2,165
2024-01-10,New York,Temperate,10.9,2.3,43.1,29.9,80
2024-01-17,New York,Temperate,14.3,0.6,65.3,40.4,82
2024-01-24,New York,Temperate,18.9,1.9,40.0,47.3,78
2024-01-31,New York,Temperate,22.1,1.0,80.3,2.6,129
2024-02-07,New York,Temperate,19.2,0.5,41.2,15.1,25
2024-02-14,New York,Temperate,20.4,3.2,67.8,2.4,28
2024-02-21,New York,Temperate,21.7,2.8,71.8,1.7,179
2024-02-28,New York,Temperate,20.0,1.2,67.4,13.8,108
2024-03-06,New York,Temperate,28.7,0.2,82.6,3.1,48
2024-03-13,New York,Temperate,29.9,4.4,87.3,19.8,28
2024-03-20,New York,Temperate,26.3,2.7,46.9,2.9,57
2024-03-27,New York,Temperate,24.4,0.6,73.4,6.8,56
2024-04-03,New York,Temperate,27.1,0.2,81.1,6.8,81
2024-04-10,New York,Temperate,21.7,1.8,79.5,4.3,117
2024-04-17,New York,Temperate,27.9,2.6,61.3,20.3,111
2024-04-24,New York,Temperate,24.6,3.8,82.0,12.3,126
2024-05-01,New York,Temperate,24.6,0.4,82.9,32.5,50
2024-05-08,New York,Temperate,21.1,3.5,37.7,4.1,177
2024-05-15,New York,Temperate,26.9,0.6,41.6,0.9,174
2024-05-22,New York,Temperate,22.3,7.9,67.9,3.0,107
2024-05-29,New York,Temperate,19.6,0.7,31.1,5.7,82
2024-06-05,New York,Temperate,19.8,1.0,40.8,14.0,41
2024-06-12,New York,Temperate,18.7,0.1,48.1,12.3,169
2024-06-19,New York,Temperate,18.2,2.5,58.4,0.6,139
2024-06-26,New York,Temperate,14.1,2.8,31.5,0.2,153
2024-07-03,New York,Temperate,15.7,0.9,79.1,2.9,45
2024-07-10,New York,Temperate,13.0,5.8,36.1,19.3,34
2024-07-17,New York,Temperate,8.5,3.2,71.6,2.5,149
2024-07-24,New York,Temperate,8.9,0.3,82.1,33.0,111
2024-07-31,New York,Temperate,12.2,2.6,84.6,19.5,103
2024-08-07,New York,Temperate,4.4,8.3,54.6,22.5,34
2024-08-14,New York,Temperate,6.0,2.7,42.0,20.3,43
2024-08-21,New York,Temperate,10.1,1.3,88.1,2.1,164
2024-08-28,New York,Temperate,5.5,0.2,39.2,6.0,69
2024-09-04,New York,Temperate,7.9,0.3,32.0,25.4,150
2024-09-11,New York,Temperate,9.5,0.4,57.7,0.0,36
2024-09-18,New York,Temperate,0.9,1.6,43.5,1.8,136
2024-09-25,New York,Temperate,6.9,1.8,56.0,41.6,91
2024-10-02,New York,Temperate,10.9,1.0,88.5,12.8,30
2024-10-09,New York,Temperate,4.0,2.4,81.6,15.1,155
2024-10-16,New York,Temperate,8.2,0.3,36.2,8.5,99
2024-10-23,New York,Temperate,8.3,1.3,42.6,4.2,187
2024-10-30,New York,Temperate,3.7,0.9,32.0,0.8,169
2024-11-06,New York,Temperate,7.1,0.8,88.6,2.2,141
2024-11-13,New York,Temperate,6.1,0.4,36.3,10.1,142
2024-11-20,New York,Temperate,10.4,0.1,86.2,0.5,179
2024-11-27,New York,Temperate,10.7,5.9,67.5,15.3,130
2024-12-04,New York,Temperate,10.2,3.4,34.8,22.5,151
2024-12-11,New York,Temperate,15.8,1.3,32.4,1.8,33
2024-12-18,New York,Temperate,14.3,0.2,33.6,2.8,160
2024-12-25,New York,Temperate,21.2,0.8,58.2,13.6,138
2020-01-01,London,Temperate,10.9,1.1,32.6,1.8,165
2020-01-08,London,Temperate,9.4,1.6,59.6,0.9,54
2020-01-15,London,Temperate,18.1,0.5,55.1,2.3,154
2020-01-22,London,Temperate,19.0,2.6,74.6,5.5,23
2020-01-29,London,Temperate,16.5,2.7,76.1,7.0,69
2020-02-05,London,Temperate,18.5,1.2,73.5,6.7,85
2020-02-12,London,Temperate,21.9,1.8,77.6,10.6,134
2020-02-19,London,Temperate,16.9,1.0,57.9,18.1,118
2020-02-26,London,Temperate,16.2,3.0,54.3,9.2,61
2020-03-04,London,Temperate,21.9,1.4,44.8,20.5,130
2020-03-11,London,Temperate,20.5,1.8,64.8,10.9,89
2020-03-18,London,Temperate,17.8,1.0,81.5,0.1,187
2020-03-25,London,Temperate,25.2,1.8,53.8,2.7,50
2020-04-01,London,Temperate,22.2,0.8,79.7,5.6,39
2020-04-08,London,Temperate,18.1,1.8,86.9,2.9,137
2020-04-15,London,Temperate,24.2,1.3,80.7,16.4,175
2020-04-22,London,Temperate,25.0,4.0,63.5,7.8,167
2020-04-29,London,Temperate,20.6,1.5,86.2,0.4,138
2020-05-06,London,Temperate,20.1,0.5,40.8,0.9,180
2020-05-13,London,Temperate,17.6,0.3,89.2,33.6,62
2020-05-20,London,Temperate,18.6,0.0,49.4,36.2,58
2020-05-27,London,Temperate,20.6,1.3,70.0,1.5,147
2020-06-03,London,Temperate,7.9,0.3,38.6,28.1,143
2020-06-10,London,Temperate,16.3,1.2,82.1,1.9,53
2020-06-17,London,Temperate,12.4,2.2,88.7,4.7,177
2020-06-24,London,Temperate,20.3,4.1,64.2,0.3,91
2020-07-01,London,Temperate,11.7,3.2,85.1,9.2,50
2020-07-08,London,Temperate,7.4,2.1,36.4,10.7,82
2020-07-15,London,Temperate,14.4,7.6,54.4,20.5,92
2020-07-22,London,Temperate,7.6,0.2,69.0,14.5,151
2020-07-29,London,Temperate,5.8,2.2,78.5,14.4,42
2020-08-05,London,Temperate,10.1,0.3,62.7,0.1,162
2020-08-12,London,Temperate,4.5,2.0,66.6,8.3,166
2020-08-19,London,Temperate,1.5,0.5,52.4,2.6,30
2020-08-26,London,Temperate,-2.7,1.8,70.1,9.7,193
2020-09-02,London,Temperate,12.5,6.1,80.8,24.6,173
2020-09-09,London,Temperate,2.7,0.2,38.9,7.5,63
2020-09-16,London,Temperate,-5.0,1.6,74.8,12.6,190
2020-09-23,London,Temperate,0.5,0.0,41.7,0.1,66
2020-09-30,London,Temperate,-1.6,0.4,58.8,2.2,97
2020-10-07,London,Temperate,6.7,1.3,45.4,3.4,46
2020-10-14,London,Temperate,2.5,1.7,35.4,12.6,21
2020-10-21,London,Temperate,5.0,0.6,54.8,1.3,26
2020-10-28,London,Temperate,0.3,1.5,72.5,1.1,189
2020-11-04,London,Temperate,5.4,0.4,85.1,5.5,137
2020-11-11,London,Temperate,5.2,0.1,68.0,30.2,138
2020-11-18,London,Temperate,9.5,2.0,60.9,9.0,45
2020-11-25,London,Temperate,7.8,1.1,80.4,23.0,68
2020-12-02,London,Temperate,3.5,0.5,76.8,3.2,38
2020-12-09,London,Temperate,9.8,3.3,76.0,1.6,88
2020-12-16,London,Temperate,12.3,0.4,74.2,19.9,138
2020-12-23,London,Temperate,6.9,0.7,43.8,2.3,30
2020-12-30,London,Temperate,12.4,0.5,53.5,9.0,172
2021-01-06,London,Temperate,10.6,1.1,73.1,11.8,43
2021-01-13,London,Temperate,19.1,0.3,36.2,12.9,61
2021-01-20,London,Temperate,15.9,0.6,68.7,9.1,92
2021-01-27,London,Temperate,17.2,0.8,43.6,4.4,32
2021-02-03,London,Temperate,15.2,3.2,44.0,7.8,69
2021-02-10,London,Temperate,18.6,2.3,43.8,6.1,105
2021-02-17,London,Temperate,21.4,2.6,57.9,0.6,63
2021-02-24,London,Temperate,26.0,0.2,87.7,10.1,66
2021-03-03,London,Temperate,21.3,0.2,57.0,14.1,164
2021-03-10,London,Temperate,17.0,0.7,88.9,6.4,49
2021-03-17,London,Temperate,20.1,0.3,89.5,26.2,127
2021-03-24,London,Temperate,17.7,0.6,70.3,1.0,169
2021-03-31,London,Temperate,22.6,0.3,79.6,15.2,161
2021-04-07,London,Temperate,21.0,0.3,43.6,4.2,124
2021-04-14,London,Temperate,16.3,1.0,56.8,9.2,74
2021-04-21,London,Temperate,23.0,0.4,77.2,8.5,79
2021-04-28,London,Temperate,19.8,5.3,37.0,17.0,54
2021-05-05,London,Temperate,21.8,2.2,61.9,12.8,86
2021-05-12,London,Temperate,17.6,0.2,54.2,1.9,149
2021-05-19,London,Temperate,21.8,0.5,87.4,8.5,29
2021-05-26,London,Temperate,17.2,4.0,85.4,6.7,129
2021-06-02,London,Temperate,17.5,4.6,79.8,3.8,188
2021-06-09,London,Temperate,17.3,0.3,58.7,7.1,98
2021-06-16,London,Temperate,17.6,6.6,63.0,33.8,115
2021-06-23,London,Temperate,15.4,4.2,46.7,19.1,179
2021-06-30,London,Temperate,12.7,0.5,67.2,10.5,50
2021-07-07,London,Temperate,9.0,10.5,33.5,11.9,102
2021-07-14,London,Temperate,9.7,0.4,34.5,15.3,134
2021-07-21,London,Temperate,10.4,1.9,68.0,2.6,120
2021-07-28,London,Temperate,4.8,1.9,48.4,9.8,143
2021-08-04,London,Temperate,8.0,3.1,54.3,10.6,26
2021-08-11,London,Temperate,7.8,1.5,58.9,1.9,105
2021-08-18,London,Temperate,4.0,3.1,64.9,11.4,139
2021-08-25,London,Temperate,0.8,1.5,42.9,0.1,101
2021-09-01,London,Temperate,-0.9,2.1,60.0,3.1,136
2021-09-08,London,Temperate,0.5,1.3,39.0,3.9,101
2021-09-15,London,Temperate,-4.5,1.0,57.6,15.4,160
2021-09-22,London,Temperate,0.8,0.3,36.1,10.7,188
2021-09-29,London,Temperate,0.2,0.6,80.5,0.4,40
2021-10-06,London,Temperate,7.5,3.5,59.7,4.9,196
2021-10-13,London,Temperate,0.3,1.5,39.0,13.4,106
2021-10-20,London,Temperate,3.0,2.3,32.5,0.9,62
2021-10-27,London,Temperate,6.3,0.2,32.1,7.1,77
2021-11-03,London,Temperate,5.3,1.2,89.5,35.3,154
2021-11-10,London,Temperate,2.5,1.1,63.0,17.8,27
2021-11-17,London,Temperate,8.7,0.6,31.3,0.9,100
2021-11-24,London,Temperate,9.0,2.0,52.9,2.3,68
2021-12-01,London,Temperate,4.8,0.6,45.6,0.7,141
2021-12-08,London,Temperate,11.0,0.8,37.5,6.4,21
2021-12-15,London,Temperate,9.1,1.8,64.9,13.8,51
2021-12-22,London,Temperate,7.2,0.1,36.6,9.1,172
2021-12-29,London,Temperate,12.7,0.9,63.0,4.9,133
2022-01-05,London,Temperate,12.2,4.4,68.7,3.4,51
2022-01-12,London,Temperate,13.2,0.8,82.8,3.0,194
2022-01-19,London,Temperate,17.7,1.2,80.5,13.0,154
2022-01-26,London,Temperate,13.9,0.4,33.2,3.9,169
2022-02-02,London,Temperate,18.6,3.4,42.8,7.0,107
2022-02-09,London,Temperate,16.4,0.8,54.8,14.2,116
2022-02-16,London,Temperate,13.5,1.7,71.3,20.7,130
2022-02-23,London,Temperate,20.2,4.2,56.0,1.8,163
2022-03-02,London,Temperate,22.5,4.3,46.7,2.2,83
2022-03-09,London,Temperate,23.5,3.2,42.2,8.1,147
2022-03-16,London,Temperate,22.9,2.3,52.5,7.7,183
2022-03-23,London,Temperate,25.4,0.0,75.7,0.4,33
2022-03-30,London,Temperate,24.5,2.3,75.4,18.4,89
2022-04-06,London,Temperate,24.4,4.2,89.8,4.6,144
2022-04-13,London,Temperate,25.4,0.5,38.3,10.9,73
2022-04-20,London,Temperate,23.3,2.4,30.2,9.7,23
2022-04-27,London,Temperate,19.8,1.0,82.5,7.1,22
2022-05-04,London,Temperate,16.9,0.1,64.8,8.2,151
2022-05-11,London,Temperate,19.7,1.8,66.1,0.2,166
2022-05-18,London,Temperate,16.9,1.4,34.6,0.6,128
2022-05-25,London,Temperate,19.7,1.5,52.4,1.3,132
2022-06-01,London,Temperate,15.5,1.1,35.3,2.5,66
2022-06-08,London,Temperate,12.9,2.0,77.1,1.3,66
2022-06-15,London,Temperate,20.4,3.7,53.0,8.5,163
2022-06-22,London,Temperate,14.5,7.8,39.9,12.0,113
2022-06-29,London,Temperate,8.3,3.6,46.4,7.3,128
2022-07-06,London,Temperate,10.0,0.9,57.7,6.6,168
2022-07-13,London,Temperate,11.6,1.2,59.0,1.4,23
2022-07-20,London,Temperate,9.2,0.0,33.4,2.6,127
2022-07-27,London,Temperate,8.2,0.3,75.1,10.7,55
2022-08-03,London,Temperate,3.8,3.1,88.5,4.6,125
2022-08-10,London,Temperate,2.9,3.7,46.1,1.7,126
2022-08-17,London,Temperate,5.1,1.1,50.8,23.0,179
2022-08-24,London,Temperate,0.6,2.2,87.8,8.2,168
2022-08-31,London,Temperate,3.0,0.6,73.8,39.8,101
2022-09-07,London,Temperate,1.0,0.3,73.5,2.1,68
2022-09-14,London,Temperate,3.8,1.9,51.0,1.2,197
2022-09-21,London,Temperate,2.0,2.5,55.1,0.9,105
2022-09-28,London,Temperate,5.1,0.2,81.6,12.8,188
2022-10-05,London,Temperate,10.0,3.1,62.9,9.5,117
2022-10-12,London,Temperate,-1.6,5.8,81.0,11.1,117
2022-10-19,London,Temperate,2.3,4.0,57.6,13.8,95
2022-10-26,London,Temperate,3.0,3.3,57.6,0.5,82
2022-11-02,London,Temperate,1.3,1.4,50.4,20.6,173
2022-11-09,London,Temperate,7.7,1.5,42.3,21.0,135
2022-11-16,London,Temperate,2.7,4.1,44.3,6.0,77
2022-11-23,London,Temperate,7.0,1.6,35.6,4.2,63
2022-11-30,London,Temperate,11.7,1.5,59.9,1.1,199
2022-12-07,London,Temperate,1.4,0.2,56.5,2.2,31
2022-12-14,London,Temperate,6.0,1.5,47.2,15.7,183
2022-12-21,London,Temperate,7.5,2.1,41.8,22.7,61
2022-12-28,London,Temperate,8.1,1.2,63.5,1.8,99
2023-01-04,London,Temperate,11.7,0.4,83.6,10.6,126
2023-01-11,London,Temperate,12.7,0.8,77.9,34.3,38
2023-01-18,London,Temperate,15.6,1.4,88.0,5.4,138
2023-01-25,London,Temperate,16.9,0.3,73.5,3.9,175
2023-02-01,London,Temperate,16.7,0.4,30.8,8.2,116
2023-02-08,London,Temperate,21.2,0.1,79.4,2.4,152
2023-02-15,London,Temperate,20.6,0.2,75.6,44.3,194
2023-02-22,London,Temperate,19.2,2.1,48.8,2.9,150
2023-03-01,London,Temperate,20.8,0.6,36.8,0.9,180
2023-03-08,London,Temperate,24.3,0.5,38.5,4.3,194
2023-03-15,London,Temperate,22.9,1.1,64.6,13.4,127
2023-03-22,London,Temperate,18.2,1.3,88.7,10.1,144
2023-03-29,London,Temperate,18.4,2.3,34.2,1.9,167
2023-04-05,London,Temperate,25.5,0.5,80.2,3.3,86
2023-04-12,London,Temperate,22.2,0.7,42.8,0.3,136
2023-04-19,London,Temperate,27.4,1.0,75.6,23.4,164
2023-04-26,London,Temperate,23.3,2.2,45.6,23.8,170
2023-05-03,London,Temperate,22.5,0.4,53.4,4.8,161
2023-05-10,London,Temperate,20.3,1.0,88.6,1.2,103
2023-05-17,London,Temperate,22.4,0.0,55.3,0.3,121
2023-05-24,London,Temperate,20.3,0.7,84.6,14.0,47
2023-05-31,London,Temperate,15.9,0.0,87.8,13.0,143
2023-06-07,London,Temperate,14.5,4.1,36.8,12.2,80
2023-06-14,London,Temperate,17.4,0.1,45.8,0.5,180
2023-06-21,London,Temperate,8.1,1.8,47.8,3.6,60
2023-06-28,London,Temperate,11.7,0.1,84.2,19.1,124
2023-07-05,London,Temperate,7.8,9.0,67.6,7.6,81
2023-07-12,London,Temperate,6.4,3.2,32.1,8.7,83
2023-07-19,London,Temperate,10.1,2.2,45.1,2.5,191
2023-07-26,London,Temperate,12.1,0.2,35.6,24.0,87
2023-08-02,London,Temperate,5.3,4.8,57.9,1.5,166
2023-08-09,London,Temperate,6.6,4.5,56.6,9.3,70
2023-08-16,London,Temperate,9.2,2.0,70.6,1.4,23
2023-08-23,London,Temperate,3.3,1.0,59.3,10.6,181
2023-08-30,London,Temperate,4.5,0.6,54.4,22.2,164
2023-09-06,London,Temperate,2.8,0.1,66.2,23.8,143
2023-09-13,London,Temperate,-5.0,1.3,67.4,6.3,195
2023-09-20,London,Temperate,-2.4,0.7,42.4,7.3,68
2023-09-27,London,Temperate,5.3,1.7,60.8,3.5,145
2023-10-04,London,Temperate,0.3,0.7,79.0,3.3,36
2023-10-11,London,Temperate,1.2,1.4,82.5,6.8,30
2023-10-18,London,Temperate,0.0,0.1,57.0,26.5,64
2023-10-25,London,Temperate,-1.3,1.1,84.5,12.5,31
2023-11-01,London,Temperate,-2.2,2.2,47.8,12.7,27
2023-11-08,London,Temperate,6.5,0.1,82.3,3.0,87
2023-11-15,London,Temperate,6.5,1.0,57.4,4.6,166
2023-11-22,London,Temperate,9.2,4.6,54.3,3.9,60
2023-11-29,London,Temperate,13.4,5.7,70.1,11.4,70
2023-12-06,London,Temperate,7.5,2.0,84.8,9.5,47
2023-12-13,London,Temperate,9.0,0.4,68.3,13.5,112
2023-12-20,London,Temperate,10.3,0.3,30.7,5.5,182
2023-12-27,London,Temperate,9.1,1.2,35.1,5.1,120
2024-01-03,London,Temperate,13.0,0.8,73.8,10.6,47
2024-01-10,London,Temperate,10.6,1.0,81.1,5.2,192
2024-01-17,London,Temperate,12.1,3.1,56.8,16.0,175
2024-01-24,London,Temperate,12.7,1.7,75.6,1.0,94
2024-01-31,London,Temperate,11.6,1.8,72.3,11.7,186
2024-02-07,London,Temperate,21.6,1.4,39.9,10.4,184
2024-02-14,London,Temperate,18.1,0.3,31.5,10.4,182
2024-02-21,London,Temperate,22.1,0.8,34.3,5.3,68
2024-02-28,London,Temperate,24.2,1.7,63.6,1.1,132
2024-03-06,London,Temperate,21.4,0.3,59.1,0.3,86
2024-03-13,London,Temperate,21.2,0.1,31.9,4.9,70
2024-03-20,London,Temperate,23.0,0.0,75.4,6.1,49
2024-03-27,London,Temperate,22.1,0.9,52.5,6.4,153
2024-04-03,London,Temperate,21.8,1.8,79.6,41.4,96
2024-04-10,London,Temperate,18.6,0.1,88.2,14.9,88
2024-04-17,London,Temperate,22.6,0.3,63.2,7.8,105
2024-04-24,London,Temperate,23.1,0.9,79.6,12.3,104
2024-05-01,London,Temperate,19.2,0.8,46.2,33.9,122
2024-05-08,London,Temperate,16.2,1.7,90.0,1.6,117
2024-05-15,London,Temperate,19.7,1.3,54.1,50.9,101
2024-05-22,London,Temperate,21.6,1.9,42.1,5.0,47
2024-05-29,London,Temperate,23.2,3.8,72.7,23.7,83
2024-06-05,London,Temperate,21.2,0.9,57.5,0.4,158
2024-06-12,London,Temperate,19.8,1.6,33.5,11.4,188
2024-06-19,London,Temperate,13.6,7.9,59.0,19.9,121
2024-06-26,London,Temperate,9.3,1.5,63.8,5.8,174
2024-07-03,London,Temperate,5.2,1.7,81.9,39.5,101
2024-07-10,London,Temperate,19.8,1.2,66.1,9.0,154
2024-07-17,London,Temperate,12.7,4.5,33.7,21.5,88
2024-07-24,London,Temperate,7.5,1.4,67.6,26.1,133
2024-07-31,London,Temperate,12.9,2.6,71.6,1.4,145
2024-08-07,London,Temperate,5.3,2.1,79.2,4.1,54
2024-08-14,London,Temperate,7.9,0.7,30.9,13.4,44
2024-08-21,London,Temperate,5.8,2.0,34.1,0.1,155
2024-08-28,London,Temperate,5.6,2.9,80.8,9.5,123
2024-09-04,London,Temperate,6.5,1.0,73.4,3.3,23
2024-09-11,London,Temperate,0.5,0.9,36.7,16.5,192
2024-09-18,London,Temperate,1.8,2.4,30.4,1.1,121
2024-09-25,London,Temperate,0.6,1.4,77.7,12.3,85
2024-10-02,London,Temperate,1.3,0.2,54.2,3.5,53
2024-10-09,London,Temperate,4.7,5.3,54.3,23.7,72
2024-10-16,London,Temperate,0.5,3.7,62.9,2.5,32
2024-10-23,London,Temperate,-2.2,2.1,37.4,22.0,42
2024-10-30,London,Temperate,6.9,4.0,57.2,17.2,73
2024-11-06,London,Temperate,4.6,0.6,72.8,17.3,171
2024-11-13,London,Temperate,3.3,0.7,63.8,1.3,78
2024-11-20,London,Temperate,3.4,1.4,47.1,1.4,117
2024-11-27,London,Temperate,9.3,2.6,46.3,5.1,112
2024-12-04,London,Temperate,6.7,3.7,30.2,2.8,140
2024-12-11,London,Temperate,9.3,0.2,85.9,17.5,126
2024-12-18,London,Temperate,12.1,0.8,77.3,22.2,160
2024-12-25,London,Temperate,9.7,1.1,52.6,27.5,198
2020-01-01,Tokyo,Temperate,19.0,1.4,53.3,10.0,139
2020-01-08,Tokyo,Temperate,17.6,2.3,38.3,2.9,32
2020-01-15,Tokyo,Temperate,18.8,0.3,70.6,28.8,40
2020-01-22,Tokyo,Temperate,19.2,1.3,68.1,75.4,164
2020-01-29,Tokyo,Temperate,24.0,1.4,56.0,6.1,165
2020-02-05,Tokyo,Temperate,23.4,2.0,76.2,0.0,32
2020-02-12,Tokyo,Temperate,28.4,3.8,42.7,10.7,73
2020-02-19,Tokyo,Temperate,24.6,4.2,42.9,11.3,192
2020-02-26,Tokyo,Temperate,26.0,5.3,37.5,13.4,89
2020-03-04,Tokyo,Temperate,25.6,2.1,53.7,12.5,84
2020-03-11,Tokyo,Temperate,26.4,0.9,33.5,1.2,157
2020-03-18,Tokyo,Temperate,29.6,1.6,36.0,11.6,32
2020-03-25,Tokyo,Temperate,23.4,0.0,37.5,5.3,172
2020-04-01,Tokyo,Temperate,24.6,2.7,49.8,23.7,135
2020-04-08,Tokyo,Temperate,27.9,6.6,61.1,11.3,103
2020-04-15,Tokyo,Temperate,26.9,1.2,46.0,2.5,111
2020-04-22,Tokyo,Temperate,26.6,0.6,31.1,3.5,52
2020-04-29,Tokyo,Temperate,27.4,2.7,43.4,10.3,31
2020-05-06,Tokyo,Temperate,26.7,3.8,31.4,22.9,64
2020-05-13,Tokyo,Temperate,25.6,1.0,48.2,0.7,176
2020-05-20,Tokyo,Temperate,24.2,2.8,58.4,0.6,109
2020-05-27,Tokyo,Temperate,18.7,9.3,44.3,7.6,197
2020-06-03,Tokyo,Temperate,25.1,3.0,42.3,12.9,125
2020-06-10,Tokyo,Temperate,27.4,4.5,80.8,3.8,102
2020-06-17,Tokyo,Temperate,21.3,2.0,53.3,11.2,84
2020-06-24,Tokyo,Temperate,18.0,0.8,85.0,3.4,76
2020-07-01,Tokyo,Temperate,18.9,0.1,38.8,0.1,71
2020-07-08,Tokyo,Temperate,18.6,0.5,32.7,5.4,185
2020-07-15,Tokyo,Temperate,10.7,1.4,70.8,0.8,57
2020-07-22,Tokyo,Temperate,14.9,5.3,75.7,7.9,65
2020-07-29,Tokyo,Temperate,11.6,0.4,56.7,2.3,127
2020-08-05,Tokyo,Temperate,12.0,3.7,88.9,15.8,30
2020-08-12,Tokyo,Temperate,16.2,0.2,68.2,6.9,83
2020-08-19,Tokyo,Temperate,7.2,6.1,61.4,2.5,120
2020-08-26,Tokyo,Temperate,15.8,0.2,67.3,39.7,23
2020-09-02,Tokyo,Temperate,5.0,3.5,73.9,4.4,36
2020-09-09,Tokyo,Temperate,8.7,7.6,75.4,1.8,27
2020-09-16,Tokyo,Temperate,10.0,3.0,48.6,2.6,190
2020-09-23,Tokyo,Temperate,5.2,1.7,76.3,6.9,156
2020-09-30,Tokyo,Temperate,9.4,3.6,77.1,4.7,175
2020-10-07,Tokyo,Temperate,10.0,0.5,49.3,18.8,195
2020-10-14,Tokyo,Temperate,4.5,0.2,55.7,0.3,127
2020-10-21,Tokyo,Temperate,6.3,0.7,53.9,25.2,148
2020-10-28,Tokyo,Temperate,10.2,0.1,75.7,4.6,167
2020-11-04,Tokyo,Temperate,10.5,6.0,64.6,4.4,37
2020-11-11,Tokyo,Temperate,11.0,9.8,53.2,8.5,101
2020-11-18,Tokyo,Temperate,7.8,0.4,85.1,1.1,29
2020-11-25,Tokyo,Temperate,14.5,3.7,75.1,2.6,164
2020-12-02,Tokyo,Temperate,14.7,0.5,55.9,12.7,75
2020-12-09,Tokyo,Temperate,11.9,1.7,61.0,14.2,166
2020-12-16,Tokyo,Temperate,15.0,4.7,80.8,5.1,151
2020-12-23,Tokyo,Temperate,13.5,3.5,83.3,7.9,128
2020-12-30,Tokyo,Temperate,14.2,0.8,81.3,2.3,87
2021-01-06,Tokyo,Temperate,20.1,0.7,82.8,6.2,130
2021-01-13,Tokyo,Temperate,21.5,0.8,71.6,14.7,23
2021-01-20,Tokyo,Temperate,22.6,0.3,82.6,7.7,135
2021-01-27,Tokyo,Temperate,21.0,0.3,75.9,0.0,73
2021-02-03,Tokyo,Temperate,23.3,0.9,73.4,2.2,122
2021-02-10,Tokyo,Temperate,21.2,0.5,30.1,13.1,95
2021-02-17,Tokyo,Temperate,22.1,0.5,69.8,13.5,160
2021-02-24,Tokyo,Temperate,20.9,0.8,72.8,17.0,145
2021-03-03,Tokyo,Temperate,24.7,0.8,90.0,5.2,35
2021-03-10,Tokyo,Temperate,25.5,1.8,69.7,0.8,50
2021-03-17,Tokyo,Temperate,31.9,2.8,31.2,3.1,28
2021-03-24,Tokyo,Temperate,30.2,1.3,51.7,29.8,130
2021-03-31,Tokyo,Temperate,23.8,2.5,75.5,1.1,84
2021-04-07,Tokyo,Temperate,25.4,7.2,56.9,1.7,34
2021-04-14,Tokyo,Temperate,29.4,2.5,57.7,25.4,170
2021-04-21,Tokyo,Temperate,26.8,0.1,38.5,2.4,103
2021-04-28,Tokyo,Temperate,26.8,7.7,81.4,12.1,95
2021-05-05,Tokyo,Temperate,24.2,1.6,48.7,6.6,119
2021-05-12,Tokyo,Temperate,31.3,3.1,74.1,4.9,102
2021-05-19,Tokyo,Temperate,23.6,3.2,67.0,18.5,151
2021-05-26,Tokyo,Temperate,24.8,1.6,60.1,12.2,196
2021-06-02,Tokyo,Temperate,15.9,0.7,58.9,1.3,83
2021-06-09,Tokyo,Temperate,25.8,2.5,87.1,2.6,62
2021-06-16,Tokyo,Temperate,17.3,4.1,70.4,15.9,26
2021-06-23,Tokyo,Temperate,16.4,0.8,86.1,19.0,102
2021-06-30,Tokyo,Temperate,14.2,0.4,41.2,0.2,72
2021-07-07,Tokyo,Temperate,19.1,0.7,51.2,9.7,116
2021-07-14,Tokyo,Temperate,18.9,1.9,44.8,4.4,69
2021-07-21,Tokyo,Temperate,14.1,1.1,71.1,4.0,66
2021-07-28,Tokyo,Temperate,14.1,3.1,74.0,1.2,166
2021-08-04,Tokyo,Temperate,12.4,3.1,66.1,46.4,43
2021-08-11,Tokyo,Temperate,10.1,7.9,34.1,7.3,36
2021-08-18,Tokyo,Temperate,5.7,0.2,62.9,38.6,188
2021-08-25,Tokyo,Temperate,12.6,1.1,50.8,5.1,150
2021-09-01,Tokyo,Temperate,12.4,0.5,59.0,3.1,143
2021-09-08,Tokyo,Temperate,14.4,0.3,65.7,1.9,39
2021-09-15,Tokyo,Temperate,9.8,0.7,35.5,9.1,103
2021-09-22,Tokyo,Temperate,8.5,2.1,72.2,4.7,46
2021-09-29,Tokyo,Temperate,5.4,2.3,72.4,9.4,119
2021-10-06,Tokyo,Temperate,14.5,0.5,86.3,0.1,41
2021-10-13,Tokyo,Temperate,5.3,2.0,52.4,0.5,132
2021-10-20,Tokyo,Temperate,10.4,1.6,86.4,2.5,92
2021-10-27,Tokyo,Temperate,8.5,3.7,41.3,11.2,195
2021-11-03,Tokyo,Temperate,9.5,2.7,49.6,22.1,104
2021-11-10,Tokyo,Temperate,16.6,4.9,56.0,3.0,112
2021-11-17,Tokyo,Temperate,2.7,11.2,43.8,7.9,60
2021-11-24,Tokyo,Temperate,13.8,0.6,72.8,1.0,132
2021-12-01,Tokyo,Temperate,10.1,0.5,65.8,9.0,113
2021-12-08,Tokyo,Temperate,8.5,6.1,80.3,16.4,38
2021-12-15,Tokyo,Temperate,9.8,3.1,53.8,7.2,139
2021-12-22,Tokyo,Temperate,16.3,8.8,47.5,14.7,92
2021-12-29,Tokyo,Temperate,19.4,0.8,81.9,24.7,56
2022-01-05,Tokyo,Temperate,17.1,2.2,77.2,6.1,77
2022-01-12,Tokyo,Temperate,22.5,1.1,56.6,10.5,56
2022-01-19,Tokyo,Temperate,18.2,3.1,55.2,6.9,158
2022-01-26,Tokyo,Temperate,18.5,1.8,54.5,6.3,107
2022-02-02,Tokyo,Temperate,24.7,5.2,36.3,14.5,185
2022-02-09,Tokyo,Temperate,20.6,0.3,39.6,0.7,111
2022-02-16,Tokyo,Temperate,27.7,2.2,82.9,16.8,103
2022-02-23,Tokyo,Temperate,30.1,0.0,85.5,5.9,42
2022-03-02,Tokyo,Temperate,26.0,0.6,74.6,0.8,107
2022-03-09,Tokyo,Temperate,25.2,4.9,87.2,4.0,196
2022-03-16,Tokyo,Temperate,30.6,1.4,86.5,20.9,80
2022-03-23,Tokyo,Temperate,31.1,1.4,41.6,19.6,189
2022-03-30,Tokyo,Temperate,21.6,4.3,50.7,6.2,177
2022-04-06,Tokyo,Temperate,34.1,0.3,70.4,2.0,65
2022-04-13,Tokyo,Temperate,24.4,1.0,59.4,5.6,123
2022-04-20,Tokyo,Temperate,27.8,3.1,47.8,7.8,177
2022-04-27,Tokyo,Temperate,30.4,0.0,39.9,22.2,141
2022-05-04,Tokyo,Temperate,24.1,0.5,61.2,9.4,186
2022-05-11,Tokyo,Temperate,24.9,0.1,53.5,2.7,162
2022-05-18,Tokyo,Temperate,26.3,8.6,54.9,14.0,38
2022-05-25,Tokyo,Temperate,28.7,2.3,54.7,14.0,176
2022-06-01,Tokyo,Temperate,15.1,4.1,67.9,7.6,67
2022-06-08,Tokyo,Temperate,21.9,1.9,37.0,4.1,147
2022-06-15,Tokyo,Temperate,20.8,0.2,75.9,11.4,77
2022-06-22,Tokyo,Temperate,20.8,1.4,55.2,0.2,36
2022-06-29,Tokyo,Temperate,19.7,1.0,83.1,2.5,45
2022-07-06,Tokyo,Temperate,19.8,0.6,30.6,12.9,139
2022-07-13,Tokyo,Temperate,15.4,4.1,42.2,1.4,137
2022-07-20,Tokyo,Temperate,19.7,3.1,57.1,2.0,188
2022-07-27,Tokyo,Temperate,13.5,0.2,53.3,16.3,198
2022-08-03,Tokyo,Temperate,15.8,0.7,42.5,0.4,25
2022-08-10,Tokyo,Temperate,14.3,6.9,34.0,10.5,192
2022-08-17,Tokyo,Temperate,4.1,1.2,60.8,45.3,39
2022-08-24,Tokyo,Temperate,6.8,0.9,52.4,0.7,81
2022-08-31,Tokyo,Temperate,7.3,0.9,52.2,0.5,126
2022-09-07,Tokyo,Temperate,8.3,3.6,80.5,4.7,178
2022-09-14,Tokyo,Temperate,10.4,3.3,76.4,8.0,172
2022-09-21,Tokyo,Temperate,3.2,1.6,61.3,4.3,77
2022-09-28,Tokyo,Temperate,13.5,2.8,30.9,2.3,63
2022-10-05,Tokyo,Temperate,5.9,0.4,83.4,13.9,164
2022-10-12,Tokyo,Temperate,9.8,0.6,66.3,5.7,109
2022-10-19,Tokyo,Temperate,9.1,2.0,39.4,6.4,32
2022-10-26,Tokyo,Temperate,11.8,2.5,53.2,8.9,76
2022-11-02,Tokyo,Temperate,7.2,1.1,84.5,7.1,99
2022-11-09,Tokyo,Temperate,8.1,0.2,71.8,4.8,109
2022-11-16,Tokyo,Temperate,12.7,1.1,63.0,7.6,185
2022-11-23,Tokyo,Temperate,11.7,2.8,43.5,7.5,175
2022-11-30,Tokyo,Temperate,7.6,2.1,79.4,0.7,151
2022-12-07,Tokyo,Temperate,13.1,1.2,89.0,15.5,120
2022-12-14,Tokyo,Temperate,13.2,0.5,57.8,3.1,144
2022-12-21,Tokyo,Temperate,17.7,4.2,44.6,8.1,139
2022-12-28,Tokyo,Temperate,18.6,1.1,42.1,7.2,176
2023-01-04,Tokyo,Temperate,20.1,1.1,70.0,1.0,27
2023-01-11,Tokyo,Temperate,21.3,0.1,35.7,68.1,62
2023-01-18,Tokyo,Temperate,16.4,5.4,78.1,11.2,128
2023-01-25,Tokyo,Temperate,29.5,0.7,49.1,32.5,168
2023-02-01,Tokyo,Temperate,19.7,3.1,64.0,3.8,67
2023-02-08,Tokyo,Temperate,21.1,0.3,60.7,0.1,22
2023-02-15,Tokyo,Temperate,28.5,2.0,81.9,8.8,44
2023-02-22,Tokyo,Temperate,26.5,2.6,70.6,1.5,172
2023-03-01,Tokyo,Temperate,24.8,0.5,65.8,26.3,129
2023-03-08,Tokyo,Temperate,31.3,2.0,58.2,5.9,69
2023-03-15,Tokyo,Temperate,23.0,2.1,78.3,12.6,172
2023-03-22,Tokyo,Temperate,29.8,3.6,51.7,19.9,139
2023-03-29,Tokyo,Temperate,28.0,5.7,40.0,6.9,188
2023-04-05,Tokyo,Temperate,28.5,0.1,63.3,13.8,90
2023-04-12,Tokyo,Temperate,28.0,1.8,40.8,12.2,194
2023-04-19,Tokyo,Temperate,29.4,0.1,71.1,0.3,78
2023-04-26,Tokyo,Temperate,26.9,2.4,80.3,16.2,185
2023-05-03,Tokyo,Temperate,23.6,1.0,39.2,8.5,85
2023-05-10,Tokyo,Temperate,35.0,5.1,65.0,9.0,187
2023-05-17,Tokyo,Temperate,29.9,0.1,43.8,24.7,103
2023-05-24,Tokyo,Temperate,26.4,4.3,83.0,10.8,26
2023-05-31,Tokyo,Temperate,24.5,2.3,52.5,16.1,92
2023-06-07,Tokyo,Temperate,22.1,11.8,31.8,22.8,138
2023-06-14,Tokyo,Temperate,22.7,3.0,37.7,4.3,72
2023-06-21,Tokyo,Temperate,20.3,7.4,79.0,19.1,113
2023-06-28,Tokyo,Temperate,20.1,3.1,55.0,1.8,39
2023-07-05,Tokyo,Temperate,11.9,0.1,86.5,0.8,34
2023-07-12,Tokyo,Temperate,11.1,3.2,49.6,3.6,113
2023-07-19,Tokyo,Temperate,13.6,0.0,79.6,4.6,183
2023-07-26,Tokyo,Temperate,12.5,0.5,78.5,1.6,185
2023-08-02,Tokyo,Temperate,13.4,4.0,39.3,0.9,149
2023-08-09,Tokyo,Temperate,13.4,1.9,39.4,6.5,29
2023-08-16,Tokyo,Temperate,13.5,1.4,38.6,9.8,131
2023-08-23,Tokyo,Temperate,10.5,1.2,89.1,5.0,125
2023-08-30,Tokyo,Temperate,9.2,0.7,51.8,2.1,108
2023-09-06,Tokyo,Temperate,14.4,3.0,81.7,3.8,82
2023-09-13,Tokyo,Temperate,10.9,0.3,63.8,14.5,59
2023-09-20,Tokyo,Temperate,4.6,1.3,74.5,6.8,191
2023-09-27,Tokyo,Temperate,6.5,2.3,69.5,1.2,67
2023-10-04,Tokyo,Temperate,2.9,1.2,75.7,1.3,160
2023-10-11,Tokyo,Temperate,5.4,4.4,79.1,7.1,96
2023-10-18,Tokyo,Temperate,7.4,2.1,43.8,8.0,44
2023-10-25,Tokyo,Temperate,16.9,2.7,46.8,1.4,139
2023-11-01,Tokyo,Temperate,7.6,0.5,41.0,17.5,169
2023-11-08,Tokyo,Temperate,7.6,1.9,64.6,8.2,81
2023-11-15,Tokyo,Temperate,9.8,3.2,52.0,0.9,196
2023-11-22,Tokyo,Temperate,8.8,2.6,64.4,4.1,71
2023-11-29,Tokyo,Temperate,9.5,0.5,82.4,2.9,169
2023-12-06,Tokyo,Temperate,15.9,2.8,67.4,9.2,196
2023-12-13,Tokyo,Temperate,19.0,0.3,57.5,4.3,36
2023-12-20,Tokyo,Temperate,18.2,0.7,44.2,29.7,42
2023-12-27,Tokyo,Temperate,14.5,0.5,84.5,6.3,175
2024-01-03,Tokyo,Temperate,16.5,2.9,39.3,6.7,164
2024-01-10,Tokyo,Temperate,20.8,0.9,72.5,6.5,190
2024-01-17,Tokyo,Temperate,21.4,0.1,42.3,4.2,187
2024-01-24,Tokyo,Temperate,24.1,1.3,76.4,1.3,147
2024-01-31,Tokyo,Temperate,19.7,0.1,63.1,5.8,130
2024-02-07,Tokyo,Temperate,19.4,0.1,73.5,1.2,155
2024-02-14,Tokyo,Temperate,24.1,0.7,40.4,4.8,61
2024-02-21,Tokyo,Temperate,30.1,0.3,76.4,2.7,104
2024-02-28,Tokyo,Temperate,24.7,3.6,85.6,4.6,121
2024-03-06,Tokyo,Temperate,31.7,0.5,50.7,0.3,134
2024-03-13,Tokyo,Temperate,27.9,0.7,32.5,10.1,36
2024-03-20,Tokyo,Temperate,24.5,0.7,67.2,9.2,87
2024-03-27,Tokyo,Temperate,29.6,0.9,84.8,4.2,32
2024-04-03,Tokyo,Temperate,30.6,9.2,48.7,4.2,123
2024-04-10,Tokyo,Temperate,32.3,0.8,81.0,0.9,67
2024-04-17,Tokyo,Temperate,26.2,5.3,33.7,1.0,163
2024-04-24,Tokyo,Temperate,23.7,2.5,46.4,4.2,44
2024-05-01,Tokyo,Temperate,27.4,0.6,40.6,3.5,46
2024-05-08,Tokyo,Temperate,28.1,0.1,30.4,2.4,63
2024-05-15,Tokyo,Temperate,20.1,4.3,83.7,24.0,106
2024-05-22,Tokyo,Temperate,19.6,0.7,36.4,5.8,85
2024-05-29,Tokyo,Temperate,21.7,1.1,79.9,1.3,135
2024-06-05,Tokyo,Temperate,19.1,0.7,59.6,3.6,199
2024-06-12,Tokyo,Temperate,23.5,1.8,53.4,4.4,126
2024-06-19,Tokyo,Temperate,24.1,0.8,74.0,10.7,37
2024-06-26,Tokyo,Temperate,24.5,1.1,63.6,28.6,80
2024-07-03,Tokyo,Temperate,18.2,3.0,35.9,0.8,56
2024-07-10,Tokyo,Temperate,20.9,0.1,69.5,7.6,95
2024-07-17,Tokyo,Temperate,17.0,4.1,77.4,13.8,144
2024-07-24,Tokyo,Temperate,8.3,0.1,33.2,11.8,41
2024-07-31,Tokyo,Temperate,10.4,0.5,66.8,2.9,189
2024-08-07,Tokyo,Temperate,13.3,1.3,51.0,4.5,194
2024-08-14,Tokyo,Temperate,12.4,0.1,63.4,1.7,185
2024-08-21,Tokyo,Temperate,5.7,3.7,43.3,4.8,162
2024-08-28,Tokyo,Temperate,1.1,3.5,53.1,6.1,182
2024-09-04,Tokyo,Temperate,8.5,1.8,86.2,3.7,153
2024-09-11,Tokyo,Temperate,6.2,0.4,69.4,35.5,36
2024-09-18,Tokyo,Temperate,6.0,1.4,76.4,0.5,182
2024-09-25,Tokyo,Temperate,5.7,0.2,51.3,8.0,179
2024-10-02,Tokyo,Temperate,6.1,4.6,87.7,5.9,183
2024-10-09,Tokyo,Temperate,2.6,1.1,70.5,10.7,131
2024-10-16,Tokyo,Temperate,6.3,1.6,31.7,23.8,151
2024-10-23,Tokyo,Temperate,6.0,1.1,40.1,21.1,50
2024-10-30,Tokyo,Temperate,8.5,6.9,45.7,3.8,27
2024-11-06,Tokyo,Temperate,8.1,0.1,57.9,4.8,144
2024-11-13,Tokyo,Temperate,7.0,2.8,61.9,11.3,186
2024-11-20,Tokyo,Temperate,16.8,2.6,79.5,1.6,113
2024-11-27,Tokyo,Temperate,16.2,1.1,52.7,24.7,51
2024-12-04,Tokyo,Temperate,14.1,1.1,45.0,7.9,25
2024-12-11,Tokyo,Temperate,14.1,0.6,30.4,38.3,151
2024-12-18,Tokyo,Temperate,15.7,0.8,44.0,2.4,179
2024-12-25,Tokyo,Temperate,20.3,5.9,54.0,15.3,30
2020-01-01,Sydney,Mediterranean,21.9,1.2,76.8,60.4,95
2020-01-08,Sydney,Mediterranean,25.2,0.3,86.3,2.0,102
2020-01-15,Sydney,Mediterranean,25.8,4.4,55.2,6.9,49
2020-01-22,Sydney,Mediterranean,22.3,1.7,56.5,16.0,77
2020-01-29,Sydney,Mediterranean,25.8,0.8,78.3,0.5,118
2020-02-05,Sydney,Mediterranean,22.4,0.5,31.4,18.0,192
2020-02-12,Sydney,Mediterranean,27.8,0.7,45.9,3.3,21
2020-02-19,Sydney,Mediterranean,27.2,0.1,32.4,8.5,37
2020-02-26,Sydney,Mediterranean,30.5,3.9,73.9,29.3,127
2020-03-04,Sydney,Mediterranean,25.6,2.4,51.8,8.4,149
2020-03-11,Sydney,Mediterranean,27.0,0.1,62.1,8.3,91
2020-03-18,Sydney,Mediterranean,29.0,1.6,33.0,5.6,62
2020-03-25,Sydney,Mediterranean,32.3,3.3,43.5,2.6,27
2020-04-01,Sydney,Mediterranean,24.0,4.1,35.0,2.4,90
2020-04-08,Sydney,Mediterranean,28.1,0.1,59.6,5.8,162
2020-04-15,Sydney,Mediterranean,31.7,0.4,64.3,16.4,46
2020-04-22,Sydney,Mediterranean,22.2,4.8,62.8,13.2,82
2020-04-29,Sydney,Mediterranean,25.3,2.3,33.4,0.4,64
2020-05-06,Sydney,Mediterranean,22.9,0.8,78.2,2.8,137
2020-05-13,Sydney,Mediterranean,29.0,4.5,47.8,2.6,166
2020-05-20,Sydney,Mediterranean,25.6,2.1,82.5,15.6,167
2020-05-27,Sydney,Mediterranean,28.5,1.0,39.4,13.4,184
2020-06-03,Sydney,Mediterranean,26.1,0.2,32.1,45.8,96
2020-06-10,Sydney,Mediterranean,25.3,1.7,82.0,3.4,51
2020-06-17,Sydney,Mediterranean,25.6,1.9,54.7,5.6,79
2020-06-24,Sydney,Mediterranean,21.1,2.1,31.4,5.6,107
2020-07-01,Sydney,Mediterranean,26.2,3.5,63.4,15.1,173
2020-07-08,Sydney,Mediterranean,13.7,1.3,59.5,2.2,66
2020-07-15,Sydney,Mediterranean,18.0,0.5,75.9,2.9,43
2020-07-22,Sydney,Mediterranean,14.2,0.7,35.6,33.2,31
2020-07-29,Sydney,Mediterranean,15.3,0.3,83.4,28.8,68
2020-08-05,Sydney,Mediterranean,16.5,1.1,46.6,14.6,144
2020-08-12,Sydney,Mediterranean,18.7,1.2,86.6,3.9,124
2020-08-19,Sydney,Mediterranean,8.7,2.1,42.7,1.3,126
2020-08-26,Sydney,Mediterranean,14.0,0.2,89.8,2.0,108
2020-09-02,Sydney,Mediterranean,10.5,1.3,30.8,0.9,195
2020-09-09,Sydney,Mediterranean,12.2,0.1,67.9,5.6,143
2020-09-16,Sydney,Mediterranean,10.1,2.0,78.3,5.1,34
2020-09-23,Sydney,Mediterranean,15.4,4.4,64.6,8.3,43
2020-09-30,Sydney,Mediterranean,12.2,3.7,37.6,16.1,77
2020-10-07,Sydney,Mediterranean,3.8,1.0,38.6,12.5,183
2020-10-14,Sydney,Mediterranean,12.9,10.4,66.3,3.7,192
2020-10-21,Sydney,Mediterranean,12.8,2.3,86.8,3.5,128
2020-10-28,Sydney,Mediterranean,8.5,2.2,68.0,9.0,159
2020-11-04,Sydney,Mediterranean,9.6,0.8,69.9,8.1,65
2020-11-11,Sydney,Mediterranean,10.2,1.0,73.7,15.1,98
2020-11-18,Sydney,Mediterranean,14.2,4.4,30.8,3.9,102
2020-11-25,Sydney,Mediterranean,18.3,1.0,70.0,45.0,108
2020-12-02,Sydney,Mediterranean,16.0,1.0,58.8,1.5,115
2020-12-09,Sydney,Mediterranean,20.7,4.1,89.7,8.7,146
2020-12-16,Sydney,Mediterranean,10.1,0.8,48.3,5.2,176
2020-12-23,Sydney,Mediterranean,19.6,2.4,51.9,13.4,127
2020-12-30,Sydney,Mediterranean,23.2,2.4,72.0,14.0,23
2021-01-06,Sydney,Mediterranean,21.4,2.2,76.0,3.7,130
2021-01-13,Sydney,Mediterranean,21.7,1.9,81.0,2.2,61
2021-01-20,Sydney,Mediterranean,18.0,0.7,46.7,14.8,58
2021-01-27,Sydney,Mediterranean,25.1,7.4,58.4,0.7,30
2021-02-03,Sydney,Mediterranean,28.8,0.1,59.9,11.7,193
2021-02-10,Sydney,Mediterranean,27.9,1.8,69.2,1.7,118
2021-02-17,Sydney,Mediterranean,28.4,2.6,51.9,10.2,80
2021-02-24,Sydney,Mediterranean,32.0,11.3,72.0,14.7,159
2021-03-03,Sydney,Mediterranean,30.9,0.0,48.9,0.6,108
2021-03-10,Sydney,Mediterranean,28.5,3.6,48.2,34.0,23
2021-03-17,Sydney,Mediterranean,33.9,1.2,54.7,27.3,192
2021-03-24,Sydney,Mediterranean,28.2,0.3,65.1,34.8,45
2021-03-31,Sydney,Mediterranean,29.6,0.2,40.0,0.6,111
2021-04-07,Sydney,Mediterranean,34.0,12.2,57.1,4.4,112
2021-04-14,Sydney,Mediterranean,29.4,8.5,30.0,9.5,83
2021-04-21,Sydney,Mediterranean,32.6,1.2,53.8,6.1,26
2021-04-28,Sydney,Mediterranean,30.2,0.3,58.6,9.2,144
2021-05-05,Sydney,Mediterranean,28.8,0.2,82.1,3.5,181
2021-05-12,Sydney,Mediterranean,28.0,2.4,42.9,0.4,197
2021-05-19,Sydney,Mediterranean,25.6,4.1,64.6,4.2,55
2021-05-26,Sydney,Mediterranean,23.4,1.7,84.5,5.0,176
2021-06-02,Sydney,Mediterranean,25.1,0.3,39.1,5.7,23
2021-06-09,Sydney,Mediterranean,25.2,0.8,58.2,7.0,49
2021-06-16,Sydney,Mediterranean,29.7,0.2,58.6,9.9,55
2021-06-23,Sydney,Mediterranean,19.3,5.7,37.5,20.8,106
2021-06-30,Sydney,Mediterranean,23.0,0.8,53.6,9.2,171
2021-07-07,Sydney,Mediterranean,20.4,1.7,86.2,11.2,52
2021-07-14,Sydney,Mediterranean,10.3,0.3,77.2,9.6,186
2021-07-21,Sydney,Mediterranean,14.9,0.3,56.4,10.3,136
2021-07-28,Sydney,Mediterranean,18.1,0.2,37.6,2.1,185
2021-08-04,Sydney,Mediterranean,13.7,0.1,79.2,17.5,132
2021-08-11,Sydney,Mediterranean,9.2,1.4,34.1,2.5,146
2021-08-18,Sydney,Mediterranean,16.4,1.8,54.8,31.7,161
2021-08-25,Sydney,Mediterranean,13.7,0.4,54.9,0.1,196
2021-09-01,Sydney,Mediterranean,7.4,0.1,66.3,14.4,93
2021-09-08,Sydney,Mediterranean,11.6,1.6,52.4,9.8,142
2021-09-15,Sydney,Mediterranean,9.2,0.5,53.2,0.5,130
2021-09-22,Sydney,Mediterranean,8.9,3.9,87.1,21.5,27
2021-09-29,Sydney,Mediterranean,9.4,1.4,33.7,0.7,106
2021-10-06,Sydney,Mediterranean,10.6,1.5,89.7,2.3,97
2021-10-13,Sydney,Mediterranean,10.7,2.1,32.7,29.2,129
2021-10-20,Sydney,Mediterranean,6.5,1.2,57.1,27.6,108
2021-10-27,Sydney,Mediterranean,6.1,0.9,89.4,11.5,190
2021-11-03,Sydney,Mediterranean,12.0,0.1,85.7,1.0,47
2021-11-10,Sydney,Mediterranean,15.8,1.1,59.4,5.4,87
2021-11-17,Sydney,Mediterranean,17.3,0.4,35.9,31.4,155
2021-11-24,Sydney,Mediterranean,15.6,0.2,59.4,1.9,167
2021-12-01,Sydney,Mediterranean,15.2,0.4,77.9,11.3,64
2021-12-08,Sydney,Mediterranean,18.6,0.2,46.8,4.3,166
2021-12-15,Sydney,Mediterranean,17.1,9.8,44.4,20.7,137
2021-12-22,Sydney,Mediterranean,18.2,2.0,74.4,9.5,38
2021-12-29,Sydney,Mediterranean,24.9,0.8,73.9,5.4,52
2022-01-05,Sydney,Mediterranean,22.2,4.0,33.6,11.8,117
2022-01-12,Sydney,Mediterranean,23.5,2.1,57.6,11.3,145
2022-01-19,Sydney,Mediterranean,23.7,0.3,70.5,5.0,65
2022-01-26,Sydney,Mediterranean,24.3,0.0,73.8,8.5,45
2022-02-02,Sydney,Mediterranean,23.6,2.2,59.0,5.4,177
2022-02-09,Sydney,Mediterranean,22.8,5.6,51.0,2.8,168
2022-02-16,Sydney,Mediterranean,34.9,1.7,42.6,13.6,187
2022-02-23,Sydney,Mediterranean,23.9,0.6,58.4,0.4,110
2022-03-02,Sydney,Mediterranean,31.3,1.7,77.8,13.3,131
2022-03-09,Sydney,Mediterranean,26.0,0.3,56.4,3.8,136
2022-03-16,Sydney,Mediterranean,30.1,0.4,49.1,5.4,94
2022-03-23,Sydney,Mediterranean,28.8,0.7,74.1,0.2,161
2022-03-30,Sydney,Mediterranean,28.0,0.1,72.9,4.5,107
2022-04-06,Sydney,Mediterranean,30.3,1.5,83.8,2.2,192
2022-04-13,Sydney,Mediterranean,26.6,1.8,49.0,9.9,170
2022-04-20,Sydney,Mediterranean,29.4,1.1,75.0,24.4,148
2022-04-27,Sydney,Mediterranean,26.2,0.4,77.4,4.9,108
2022-05-04,Sydney,Mediterranean,27.0,1.6,65.3,5.6,115
2022-05-11,Sydney,Mediterranean,26.6,2.6,76.4,12.5,37
2022-05-18,Sydney,Mediterranean,28.1,0.7,54.0,16.7,34
2022-05-25,Sydney,Mediterranean,29.0,0.7,47.6,3.1,162
2022-06-01,Sydney,Mediterranean,24.1,0.3,83.2,6.1,39
2022-06-08,Sydney,Mediterranean,24.5,3.4,31.1,13.3,114
2022-06-15,Sydney,Mediterranean,23.2,0.3,68.3,3.9,28
2022-06-22,Sydney,Mediterranean,20.4,0.9,84.7,0.4,149
2022-06-29,Sydney,Mediterranean,16.3,2.3,85.9,9.7,83
2022-07-06,Sydney,Mediterranean,20.9,0.7,76.9,14.5,108
2022-07-13,Sydney,Mediterranean,18.6,0.3,49.7,0.6,149
2022-07-20,Sydney,Mediterranean,16.6,2.0,73.6,4.6,118
2022-07-27,Sydney,Mediterranean,17.2,1.1,68.7,13.7,78
2022-08-03,Sydney,Mediterranean,14.7,5.1,78.7,17.4,34
2022-08-10,Sydney,Mediterranean,13.0,2.8,83.8,18.7,196
2022-08-17,Sydney,Mediterranean,16.5,0.1,77.3,23.4,198
2022-08-24,Sydney,Mediterranean,16.2,0.6,49.0,16.5,61
2022-08-31,Sydney,Mediterranean,13.7,4.1,77.1,3.2,25
2022-09-07,Sydney,Mediterranean,11.1,2.3,86.7,11.5,172
2022-09-14,Sydney,Mediterranean,10.9,0.5,44.6,3.7,47
2022-09-21,Sydney,Mediterranean,8.9,3.2,81.7,1.5,109
2022-09-28,Sydney,Mediterranean,10.8,0.5,86.6,20.5,131
2022-10-05,Sydney,Mediterranean,8.3,0.8,81.5,1.4,148
2022-10-12,Sydney,Mediterranean,7.9,2.1,67.5,10.2,123
2022-10-19,Sydney,Mediterranean,11.0,3.9,87.6,2.5,191
2022-10-26,Sydney,Mediterranean,12.4,2.3,68.2,5.1,184
2022-11-02,Sydney,Mediterranean,10.1,1.4,66.3,6.2,152
2022-11-09,Sydney,Mediterranean,11.7,1.3,72.3,25.5,114
2022-11-16,Sydney,Mediterranean,15.0,4.2,73.5,1.2,69
2022-11-23,Sydney,Mediterranean,10.7,0.1,51.0,19.8,27
2022-11-30,Sydney,Mediterranean,11.3,2.4,67.8,19.9,117
2022-12-07,Sydney,Mediterranean,14.4,0.3,30.6,7.9,20
2022-12-14,Sydney,Mediterranean,21.2,0.1,45.3,7.5,112
2022-12-21,Sydney,Mediterranean,10.1,4.2,60.3,7.1,57
2022-12-28,Sydney,Mediterranean,22.3,0.1,53.8,6.4,120
2023-01-04,Sydney,Mediterranean,23.7,1.1,55.3,15.4,54
2023-01-11,Sydney,Mediterranean,27.0,4.5,81.2,11.2,190
2023-01-18,Sydney,Mediterranean,18.1,2.8,60.8,3.9,153
2023-01-25,Sydney,Mediterranean,23.3,0.7,80.7,3.0,35
2023-02-01,Sydney,Mediterranean,28.6,1.3,81.7,1.1,126
2023-02-08,Sydney,Mediterranean,20.4,4.9,80.6,13.6,176
2023-02-15,Sydney,Mediterranean,28.1,1.1,37.1,7.2,101
2023-02-22,Sydney,Mediterranean,28.4,0.2,74.6,12.4,125
2023-03-01,Sydney,Mediterranean,28.3,3.2,50.5,5.9,58
2023-03-08,Sydney,Mediterranean,27.8,3.4,82.6,14.8,49
2023-03-15,Sydney,Mediterranean,28.9,9.0,59.0,43.3,59
2023-03-22,Sydney,Mediterranean,34.4,0.7,77.0,21.8,68
2023-03-29,Sydney,Mediterranean,27.1,0.0,54.2,2.7,198
2023-04-05,Sydney,Mediterranean,33.9,0.0,84.2,0.7,91
2023-04-12,Sydney,Mediterranean,26.6,0.5,34.1,2.1,82
2023-04-19,Sydney,Mediterranean,27.2,0.1,43.4,4.5,41
2023-04-26,Sydney,Mediterranean,29.9,3.7,50.4,12.3,141
2023-05-03,Sydney,Mediterranean,33.6,0.7,49.2,1.8,129
2023-05-10,Sydney,Mediterranean,28.6,0.7,49.6,0.2,133
2023-05-17,Sydney,Mediterranean,28.4,0.4,79.3,7.9,184
2023-05-24,Sydney,Mediterranean,25.9,2.7,38.3,5.8,73
2023-05-31,Sydney,Mediterranean,21.3,0.0,60.7,14.7,93
2023-06-07,Sydney,Mediterranean,23.1,3.2,88.8,9.3,127
2023-06-14,Sydney,Mediterranean,23.0,0.7,52.6,5.0,97
2023-06-21,Sydney,Mediterranean,28.2,2.4,41.7,5.9,159
2023-06-28,Sydney,Mediterranean,16.8,3.2,74.4,10.4,77
2023-07-05,Sydney,Mediterranean,18.7,1.1,32.4,3.2,154
2023-07-12,Sydney,Mediterranean,16.0,0.6,88.2,13.3,55
2023-07-19,Sydney,Mediterranean,15.8,5.9,38.5,14.4,116
2023-07-26,Sydney,Mediterranean,12.4,1.4,67.2,6.5,176
2023-08-02,Sydney,Mediterranean,18.4,0.4,38.8,27.8,170
2023-08-09,Sydney,Mediterranean,9.4,2.7,79.6,11.9,62
2023-08-16,Sydney,Mediterranean,12.3,0.8,68.1,4.4,90
2023-08-23,Sydney,Mediterranean,10.6,3.5,71.3,8.0,116
2023-08-30,Sydney,Mediterranean,9.6,0.7,68.6,9.2,60
2023-09-06,Sydney,Mediterranean,8.8,1.5,75.6,12.5,83
2023-09-13,Sydney,Mediterranean,14.7,0.4,36.6,21.5,34
2023-09-20,Sydney,Mediterranean,9.7,0.4,54.7,0.8,93
2023-09-27,Sydney,Mediterranean,7.5,0.2,42.1,7.9,129
2023-10-04,Sydney,Mediterranean,14.1,0.7,35.4,24.2,149
2023-10-11,Sydney,Mediterranean,5.8,3.3,50.6,1.2,69
2023-10-18,Sydney,Mediterranean,8.7,6.8,42.3,13.5,168
2023-10-25,Sydney,Mediterranean,5.7,0.2,82.6,13.1,120
2023-11-01,Sydney,Mediterranean,10.1,1.8,42.1,22.1,176
2023-11-08,Sydney,Mediterranean,13.2,2.7,65.8,21.3,28
2023-11-15,Sydney,Mediterranean,12.5,0.8,60.0,2.4,38
2023-11-22,Sydney,Mediterranean,13.7,2.4,45.7,9.8,150
2023-11-29,Sydney,Mediterranean,12.1,0.9,84.6,8.4,180
2023-12-06,Sydney,Mediterranean,10.4,2.6,77.8,17.9,71
2023-12-13,Sydney,Mediterranean,15.0,3.1,66.1,4.1,119
2023-12-20,Sydney,Mediterranean,19.4,1.0,33.1,5.1,163
2023-12-27,Sydney,Mediterranean,20.5,1.2,74.9,4.4,163
2024-01-03,Sydney,Mediterranean,26.8,0.5,36.8,9.1,180
2024-01-10,Sydney,Mediterranean,20.9,2.8,59.0,2.4,199
2024-01-17,Sydney,Mediterranean,15.8,1.9,78.3,3.6,63
2024-01-24,Sydney,Mediterranean,26.1,1.5,67.1,11.4,45
2024-01-31,Sydney,Mediterranean,16.8,0.1,31.3,4.4,42
2024-02-07,Sydney,Mediterranean,27.4,1.0,38.3,13.4,39
2024-02-14,Sydney,Mediterranean,29.0,2.6,76.2,37.1,35
2024-02-21,Sydney,Mediterranean,32.4,0.7,86.2,7.3,119
2024-02-28,Sydney,Mediterranean,27.4,3.4,65.8,5.0,90
2024-03-06,Sydney,Mediterranean,26.8,1.6,65.0,2.3,72
2024-03-13,Sydney,Mediterranean,29.8,3.8,40.9,5.6,141
2024-03-20,Sydney,Mediterranean,29.4,2.7,77.3,1.3,150
2024-03-27,Sydney,Mediterranean,28.2,0.1,49.3,8.2,91
2024-04-03,Sydney,Mediterranean,28.2,5.3,74.3,3.7,33
2024-04-10,Sydney,Mediterranean,27.0,0.2,61.9,17.2,164
2024-04-17,Sydney,Mediterranean,31.4,0.3,48.2,7.6,31
2024-04-24,Sydney,Mediterranean,32.3,4.6,65.0,1.3,31
2024-05-01,Sydney,Mediterranean,31.7,2.9,65.5,2.1,70
2024-05-08,Sydney,Mediterranean,26.6,0.6,54.5,3.3,143
2024-05-15,Sydney,Mediterranean,27.1,1.5,41.9,16.4,27
2024-05-22,Sydney,Mediterranean,24.6,1.4,81.4,13.9,105
2024-05-29,Sydney,Mediterranean,29.3,1.6,50.8,27.0,106
2024-06-05,Sydney,Mediterranean,18.1,2.7,32.2,6.4,63
2024-06-12,Sydney,Mediterranean,23.2,3.8,32.5,0.5,70
2024-06-19,Sydney,Mediterranean,21.6,0.2,88.3,7.3,104
2024-06-26,Sydney,Mediterranean,25.9,0.7,57.5,6.5,37
2024-07-03,Sydney,Mediterranean,18.1,0.4,60.3,14.6,51
2024-07-10,Sydney,Mediterranean,20.3,7.9,58.0,15.7,76
2024-07-17,Sydney,Mediterranean,20.7,0.6,55.3,0.4,54
2024-07-24,Sydney,Mediterranean,15.4,3.9,50.8,10.6,107
2024-07-31,Sydney,Mediterranean,17.7,0.5,54.3,50.0,183
2024-08-07,Sydney,Mediterranean,14.8,1.5,47.1,7.3,61
2024-08-14,Sydney,Mediterranean,10.9,1.3,75.5,3.3,84
2024-08-21,Sydney,Mediterranean,18.7,0.2,55.1,1.2,37
2024-08-28,Sydney,Mediterranean,12.2,1.6,45.0,4.2,109
2024-09-04,Sydney,Mediterranean,13.3,1.4,36.1,13.9,149
2024-09-11,Sydney,Mediterranean,14.6,0.2,71.0,27.0,107
2024-09-18,Sydney,Mediterranean,5.3,0.8,32.1,13.7,92
2024-09-25,Sydney,Mediterranean,12.9,2.1,84.0,9.8,129
2024-10-02,Sydney,Mediterranean,9.3,0.7,42.1,23.9,59
2024-10-09,Sydney,Mediterranean,5.3,2.0,39.3,4.7,151
2024-10-16,Sydney,Mediterranean,8.1,0.5,67.0,0.4,104
2024-10-23,Sydney,Mediterranean,7.3,8.4,42.5,1.4,163
2024-10-30,Sydney,Mediterranean,11.0,0.8,89.1,18.2,178
2024-11-06,Sydney,Mediterranean,15.9,4.3,35.2,7.7,47
2024-11-13,Sydney,Mediterranean,12.1,3.5,38.0,27.4,96
2024-11-20,Sydney,Mediterranean,11.8,3.4,36.0,5.6,52
2024-11-27,Sydney,Mediterranean,5.9,0.5,67.6,25.7,70
2024-12-04,Sydney,Mediterranean,17.5,2.7,33.8,4.9,70
2024-12-11,Sydney,Mediterranean,15.0,0.5,87.3,25.1,99
2024-12-18,Sydney,Mediterranean,21.6,1.1,82.2,2.0,182
2024-12-25,Sydney,Mediterranean,17.7,1.6,69.2,3.2,23
2020-01-01,Mumbai,Tropical,24.8,1.4,47.5,25.8,135
2020-01-08,Mumbai,Tropical,29.3,1.8,58.5,1.8,36
2020-01-15,Mumbai,Tropical,28.7,4.4,83.1,1.6,68
2020-01-22,Mumbai,Tropical,31.3,2.1,77.7,0.8,78
2020-01-29,Mumbai,Tropical,33.2,0.0,71.5,10.8,178
2020-02-05,Mumbai,Tropical,25.9,6.9,48.6,7.2,196
2020-02-12,Mumbai,Tropical,36.6,8.0,81.9,6.1,177
2020-02-19,Mumbai,Tropical,40.5,17.0,71.8,0.9,143
2020-02-26,Mumbai,Tropical,36.6,2.7,82.7,2.3,106
2020-03-04,Mumbai,Tropical,34.7,0.9,33.7,17.3,35
2020-03-11,Mumbai,Tropical,31.8,3.2,81.5,3.6,165
2020-03-18,Mumbai,Tropical,38.1,1.0,60.8,12.6,38
2020-03-25,Mumbai,Tropical,33.3,0.9,50.0,28.1,88
2020-04-01,Mumbai,Tropical,37.5,0.0,57.4,4.0,141
2020-04-08,Mumbai,Tropical,43.4,20.6,33.0,1.0,111
2020-04-15,Mumbai,Tropical,36.7,16.3,68.2,14.5,68
2020-04-22,Mumbai,Tropical,37.0,4.7,55.7,0.3,69
2020-04-29,Mumbai,Tropical,33.5,0.1,75.7,22.4,62
2020-05-06,Mumbai,Tropical,31.0,2.5,83.2,22.4,40
2020-05-13,Mumbai,Tropical,43.3,14.5,33.4,26.7,135
2020-05-20,Mumbai,Tropical,29.3,16.0,38.6,8.7,76
2020-05-27,Mumbai,Tropical,32.5,1.6,54.3,67.2,150
2020-06-03,Mumbai,Tropical,31.4,3.0,73.8,4.4,74
2020-06-10,Mumbai,Tropical,35.0,0.4,36.9,20.4,131
2020-06-17,Mumbai,Tropical,29.8,4.2,84.6,0.1,85
2020-06-24,Mumbai,Tropical,30.4,13.9,70.8,8.4,61
2020-07-01,Mumbai,Tropical,28.1,0.1,45.5,6.0,119
2020-07-08,Mumbai,Tropical,28.4,6.9,42.8,20.2,100
2020-07-15,Mumbai,Tropical,25.3,0.5,47.7,0.9,31
2020-07-22,Mumbai,Tropical,23.9,0.7,81.1,17.0,42
2020-07-29,Mumbai,Tropical,18.6,2.8,76.9,6.6,182
2020-08-05,Mumbai,Tropical,18.7,4.3,50.5,16.6,84
2020-08-12,Mumbai,Tropical,23.1,1.3,38.6,2.1,122
2020-08-19,Mumbai,Tropical,18.3,3.6,56.7,34.1,46
2020-08-26,Mumbai,Tropical,22.7,10.3,44.6,6.0,181
2020-09-02,Mumbai,Tropical,23.0,2.3,35.5,6.1,156
2020-09-09,Mumbai,Tropical,17.5,17.0,87.5,2.8,177
2020-09-16,Mumbai,Tropical,19.9,11.3,88.0,5.9,169
2020-09-23,Mumbai,Tropical,16.3,1.3,36.4,17.2,20
2020-09-30,Mumbai,Tropical,16.9,6.9,32.9,29.7,127
2020-10-07,Mumbai,Tropical,16.3,18.4,54.7,5.9,127
2020-10-14,Mumbai,Tropical,15.4,20.5,44.5,11.4,138
2020-10-21,Mumbai,Tropical,18.6,21.5,46.7,5.0,34
2020-10-28,Mumbai,Tropical,18.4,0.2,80.6,6.2,22
2020-11-04,Mumbai,Tropical,23.4,3.9,37.5,3.4,36
2020-11-11,Mumbai,Tropical,15.9,1.6,75.6,12.8,156
2020-11-18,Mumbai,Tropical,19.6,2.5,88.6,30.9,22
2020-11-25,Mumbai,Tropical,18.6,2.9,48.2,12.6,54
2020-12-02,Mumbai,Tropical,23.5,7.5,81.5,18.6,174
2020-12-09,Mumbai,Tropical,19.2,5.2,41.0,2.6,100
2020-12-16,Mumbai,Tropical,20.4,5.9,76.0,3.6,86
2020-12-23,Mumbai,Tropical,24.0,1.7,56.8,13.0,103
2020-12-30,Mumbai,Tropical,28.5,3.8,57.5,5.1,137
2021-01-06,Mumbai,Tropical,26.3,4.2,46.5,6.4,24
2021-01-13,Mumbai,Tropical,35.6,1.0,62.8,12.5,86
2021-01-20,Mumbai,Tropical,31.8,0.3,44.0,6.8,85
2021-01-27,Mumbai,Tropical,31.1,3.0,63.2,3.5,64
2021-02-03,Mumbai,Tropical,34.0,10.1,72.5,1.1,89
2021-02-10,Mumbai,Tropical,36.3,4.9,56.3,0.4,91
2021-02-17,Mumbai,Tropical,34.5,4.3,68.8,6.1,152
2021-02-24,Mumbai,Tropical,36.4,0.4,56.1,3.5,157
2021-03-03,Mumbai,Tropical,35.8,1.5,55.9,69.6,106
2021-03-10,Mumbai,Tropical,30.2,0.6,69.0,20.2,64
2021-03-17,Mumbai,Tropical,43.8,6.8,68.6,3.8,174
2021-03-24,Mumbai,Tropical,37.0,11.5,38.0,4.9,72
2021-03-31,Mumbai,Tropical,33.6,9.0,72.6,1.2,156
2021-04-07,Mumbai,Tropical,37.2,3.1,77.3,9.2,30
2021-04-14,Mumbai,Tropical,34.0,0.1,71.8,12.9,40
2021-04-21,Mumbai,Tropical,32.2,0.1,35.5,11.4,142
2021-04-28,Mumbai,Tropical,33.8,5.2,37.7,10.5,122
2021-05-05,Mumbai,Tropical,38.6,4.4,42.8,1.0,145
2021-05-12,Mumbai,Tropical,38.1,6.0,57.6,0.6,21
2021-05-19,Mumbai,Tropical,39.2,14.7,46.5,5.1,104
2021-05-26,Mumbai,Tropical,33.3,0.3,88.4,4.5,152
2021-06-02,Mumbai,Tropical,37.0,5.4,72.9,3.1,91
2021-06-09,Mumbai,Tropical,28.5,2.1,70.0,1.1,163
2021-06-16,Mumbai,Tropical,33.6,11.1,56.9,6.1,168
2021-06-23,Mumbai,Tropical,30.3,10.2,74.2,7.0,81
2021-06-30,Mumbai,Tropical,31.8,10.5,44.6,8.0,83
2021-07-07,Mumbai,Tropical,26.2,2.0,45.3,10.0,104
2021-07-14,Mumbai,Tropical,25.2,2.1,62.8,1.0,173
2021-07-21,Mumbai,Tropical,28.2,7.0,73.6,20.4,128
2021-07-28,Mumbai,Tropical,27.0,0.1,32.9,8.5,33
2021-08-04,Mumbai,Tropical,23.4,31.9,62.5,3.3,110
2021-08-11,Mumbai,Tropical,23.8,4.3,74.5,11.2,154
2021-08-18,Mumbai,Tropical,24.9,5.8,47.0,11.8,85
2021-08-25,Mumbai,Tropical,22.5,16.4,67.7,2.0,144
2021-09-01,Mumbai,Tropical,20.5,8.4,64.7,9.6,85
2021-09-08,Mumbai,Tropical,19.4,8.3,70.4,6.9,43
2021-09-15,Mumbai,Tropical,16.7,1.7,68.4,3.8,148
2021-09-22,Mumbai,Tropical,20.0,7.4,43.1,9.7,64
2021-09-29,Mumbai,Tropical,16.1,12.3,42.7,1.6,54
2021-10-06,Mumbai,Tropical,20.0,1.5,83.7,8.5,30
2021-10-13,Mumbai,Tropical,15.9,8.9,59.6,24.3,88
2021-10-20,Mumbai,Tropical,19.2,1.7,47.7,4.4,78
2021-10-27,Mumbai,Tropical,18.9,3.1,45.5,21.1,180
2021-11-03,Mumbai,Tropical,20.5,11.9,40.1,34.5,136
2021-11-10,Mumbai,Tropical,18.1,14.6,70.6,3.6,75
2021-11-17,Mumbai,Tropical,23.6,3.6,60.8,1.1,70
2021-11-24,Mumbai,Tropical,16.5,0.7,68.6,2.2,119
2021-12-01,Mumbai,Tropical,21.6,5.3,62.2,11.3,147
2021-12-08,Mumbai,Tropical,27.4,0.3,31.1,1.1,109
2021-12-15,Mumbai,Tropical,28.2,4.2,79.9,47.8,120
2021-12-22,Mumbai,Tropical,26.1,1.0,30.4,6.3,116
2021-12-29,Mumbai,Tropical,29.9,0.6,76.8,24.1,163
2022-01-05,Mumbai,Tropical,26.9,3.0,59.4,2.5,31
2022-01-12,Mumbai,Tropical,33.3,13.8,86.4,1.9,64
2022-01-19,Mumbai,Tropical,28.9,1.4,67.4,6.4,165
2022-01-26,Mumbai,Tropical,33.6,5.0,73.3,3.0,139
2022-02-02,Mumbai,Tropical,32.7,7.8,70.8,3.6,196
2022-02-09,Mumbai,Tropical,32.7,5.3,54.3,9.1,83
2022-02-16,Mumbai,Tropical,37.2,0.2,64.8,24.4,39
2022-02-23,Mumbai,Tropical,34.0,5.4,87.9,24.7,63
2022-03-02,Mumbai,Tropical,34.1,7.3,67.8,44.6,64
2022-03-09,Mumbai,Tropical,35.4,1.6,79.0,4.8,49
2022-03-16,Mumbai,Tropical,36.7,0.5,54.0,5.4,87
2022-03-23,Mumbai,Tropical,34.3,21.4,79.3,3.3,60
2022-03-30,Mumbai,Tropical,37.1,5.4,73.6,15.4,115
2022-04-06,Mumbai,Tropical,41.7,3.0,72.5,13.2,190
2022-04-13,Mumbai,Tropical,37.8,2.2,75.2,6.9,137
2022-04-20,Mumbai,Tropical,37.9,3.2,79.0,5.7,62
2022-04-27,Mumbai,Tropical,37.1,2.5,83.5,16.8,30
2022-05-04,Mumbai,Tropical,33.0,0.8,35.6,0.2,41
2022-05-11,Mumbai,Tropical,41.2,1.6,57.0,4.2,144
2022-05-18,Mumbai,Tropical,35.1,0.9,87.6,19.1,44
2022-05-25,Mumbai,Tropical,28.0,5.5,50.6,0.2,174
2022-06-01,Mumbai,Tropical,33.2,3.0,61.1,0.1,186
2022-06-08,Mumbai,Tropical,31.0,6.9,38.7,21.0,116
2022-06-15,Mumbai,Tropical,32.8,4.4,42.6,2.7,136
2022-06-22,Mumbai,Tropical,27.9,8.9,54.9,3.0,32
2022-06-29,Mumbai,Tropical,28.6,0.3,72.1,0.6,45
2022-07-06,Mumbai,Tropical,25.8,2.2,89.7,6.5,185
2022-07-13,Mumbai,Tropical,28.2,11.7,30.0,9.0,188
2022-07-20,Mumbai,Tropical,23.7,3.4,41.5,6.2,176
2022-07-27,Mumbai,Tropical,25.8,3.1,59.2,27.3,161
2022-08-03,Mumbai,Tropical,21.1,3.9,37.8,4.7,197
2022-08-10,Mumbai,Tropical,21.5,1.0,48.1,0.5,71
2022-08-17,Mumbai,Tropical,23.1,2.6,85.6,12.4,53
2022-08-24,Mumbai,Tropical,19.2,0.1,81.3,4.4,166
2022-08-31,Mumbai,Tropical,16.6,0.6,88.0,1.9,152
2022-09-07,Mumbai,Tropical,20.2,0.0,54.8,1.1,60
2022-09-14,Mumbai,Tropical,18.4,2.0,44.9,44.2,118
2022-09-21,Mumbai,Tropical,18.6,8.1,80.7,10.1,162
2022-09-28,Mumbai,Tropical,18.0,2.6,44.1,0.2,93
2022-10-05,Mumbai,Tropical,19.0,1.8,46.1,62.0,50
2022-10-12,Mumbai,Tropical,16.4,8.7,38.8,1.7,97
2022-10-19,Mumbai,Tropical,19.4,11.5,67.4,1.4,84
2022-10-26,Mumbai,Tropical,16.3,2.6,86.8,5.2,63
2022-11-02,Mumbai,Tropical,22.4,11.9,35.2,27.6,95
2022-11-09,Mumbai,Tropical,20.1,8.4,43.0,7.8,177
2022-11-16,Mumbai,Tropical,21.8,2.4,87.9,3.2,193
2022-11-23,Mumbai,Tropical,18.1,0.1,87.6,0.5,106
2022-11-30,Mumbai,Tropical,25.5,0.1,33.0,9.1,77
2022-12-07,Mumbai,Tropical,20.8,0.1,62.5,6.2,80
2022-12-14,Mumbai,Tropical,25.7,3.5,75.9,6.6,86
2022-12-21,Mumbai,Tropical,24.8,5.2,40.3,20.6,159
2022-12-28,Mumbai,Tropical,25.2,5.2,75.8,8.8,122
2023-01-04,Mumbai,Tropical,29.3,1.5,78.2,17.0,72
2023-01-11,Mumbai,Tropical,31.8,3.7,70.2,16.9,135
2023-01-18,Mumbai,Tropical,32.3,2.7,81.2,19.4,193
2023-01-25,Mumbai,Tropical,32.5,0.4,56.9,1.1,147
2023-02-01,Mumbai,Tropical,33.8,4.8,87.6,23.3,34
2023-02-08,Mumbai,Tropical,36.2,1.3,72.8,20.7,68
2023-02-15,Mumbai,Tropical,31.3,2.4,55.1,0.5,74
2023-02-22,Mumbai,Tropical,32.4,6.0,75.5,1.1,196
2023-03-01,Mumbai,Tropical,35.8,0.4,41.5,6.4,161
2023-03-08,Mumbai,Tropical,44.6,8.0,50.5,16.4,52
2023-03-15,Mumbai,Tropical,40.1,8.9,54.2,4.1,36
2023-03-22,Mumbai,Tropical,39.7,4.1,88.7,14.8,30
2023-03-29,Mumbai,Tropical,45.2,1.8,40.1,6.2,146
2023-04-05,Mumbai,Tropical,40.0,10.5,47.4,0.9,54
2023-04-12,Mumbai,Tropical,34.8,3.0,87.9,4.7,36
2023-04-19,Mumbai,Tropical,37.5,1.6,73.9,0.8,80
2023-04-26,Mumbai,Tropical,33.0,1.4,59.4,3.4,74
2023-05-03,Mumbai,Tropical,32.4,6.8,33.1,19.1,161
2023-05-10,Mumbai,Tropical,36.8,5.7,41.0,17.2,50
2023-05-17,Mumbai,Tropical,36.9,0.7,40.7,6.8,43
2023-05-24,Mumbai,Tropical,33.3,14.4,88.6,4.7,51
2023-05-31,Mumbai,Tropical,33.1,3.0,32.3,13.0,105
2023-06-07,Mumbai,Tropical,34.7,0.3,36.8,0.0,30
2023-06-14,Mumbai,Tropical,32.7,3.6,48.0,1.6,178
2023-06-21,Mumbai,Tropical,31.7,5.5,42.0,21.2,126
2023-06-28,Mumbai,Tropical,28.0,13.5,68.2,16.2,94
2023-07-05,Mumbai,Tropical,24.8,3.2,88.9,13.5,158
2023-07-12,Mumbai,Tropical,24.5,3.6,59.2,9.8,158
2023-07-19,Mumbai,Tropical,26.5,4.3,62.4,0.5,97
2023-07-26,Mumbai,Tropical,30.0,1.1,74.7,54.3,67
2023-08-02,Mumbai,Tropical,23.0,9.0,39.3,3.6,69
2023-08-09,Mumbai,Tropical,23.5,0.3,57.0,2.3,182
2023-08-16,Mumbai,Tropical,21.9,0.3,38.5,0.5,100
2023-08-23,Mumbai,Tropical,20.3,3.7,63.7,1.9,85
2023-08-30,Mumbai,Tropical,23.2,1.9,65.6,2.4,154
2023-09-06,Mumbai,Tropical,18.1,1.4,30.9,4.5,107
2023-09-13,Mumbai,Tropical,15.8,0.7,38.7,12.0,43
2023-09-20,Mumbai,Tropical,18.3,1.5,76.0,26.1,142
2023-09-27,Mumbai,Tropical,20.9,2.1,54.1,0.5,125
2023-10-04,Mumbai,Tropical,19.0,1.4,85.9,1.1,117
2023-10-11,Mumbai,Tropical,20.2,0.8,52.0,4.7,56
2023-10-18,Mumbai,Tropical,20.4,1.1,52.0,1.1,72
2023-10-25,Mumbai,Tropical,21.6,0.6,89.2,15.2,131
2023-11-01,Mumbai,Tropical,8.3,0.0,60.1,4.8,167
2023-11-08,Mumbai,Tropical,25.4,0.9,51.2,5.4,26
2023-11-15,Mumbai,Tropical,17.5,1.2,73.8,6.9,134
2023-11-22,Mumbai,Tropical,23.7,4.7,40.0,16.0,135
2023-11-29,Mumbai,Tropical,23.1,11.1,47.2,4.0,93
2023-12-06,Mumbai,Tropical,21.2,2.6,63.0,9.7,142
2023-12-13,Mumbai,Tropical,23.6,0.6,81.1,1.7,124
2023-12-20,Mumbai,Tropical,27.7,3.1,84.2,0.5,25
2023-12-27,Mumbai,Tropical,26.4,5.1,51.0,26.4,21
2024-01-03,Mumbai,Tropical,26.7,3.0,80.1,32.6,120
2024-01-10,Mumbai,Tropical,33.9,9.5,62.5,16.3,174
2024-01-17,Mumbai,Tropical,35.7,0.3,53.0,5.9,51
2024-01-24,Mumbai,Tropical,31.4,17.0,57.1,1.5,182
2024-01-31,Mumbai,Tropical,36.3,16.7,73.1,49.1,44
2024-02-07,Mumbai,Tropical,37.1,6.1,52.3,0.2,195
2024-02-14,Mumbai,Tropical,31.4,2.9,59.1,15.0,57
2024-02-21,Mumbai,Tropical,36.3,0.1,51.8,9.2,146
2024-02-28,Mumbai,Tropical,45.0,2.2,61.5,11.1,28
2024-03-06,Mumbai,Tropical,33.8,4.1,48.9,0.9,25
2024-03-13,Mumbai,Tropical,35.8,4.8,60.6,7.9,76
2024-03-20,Mumbai,Tropical,33.0,5.5,48.9,11.5,157
2024-03-27,Mumbai,Tropical,31.9,0.3,32.3,12.6,137
2024-04-03,Mumbai,Tropical,36.4,0.5,37.5,5.4,137
2024-04-10,Mumbai,Tropical,33.1,3.1,47.2,2.8,96
2024-04-17,Mumbai,Tropical,41.0,8.2,79.5,20.3,94
2024-04-24,Mumbai,Tropical,41.5,6.0,46.1,73.2,122
2024-05-01,Mumbai,Tropical,35.0,4.2,85.2,34.6,117
2024-05-08,Mumbai,Tropical,36.0,14.5,70.4,0.7,171
2024-05-15,Mumbai,Tropical,35.5,5.0,45.4,16.1,162
2024-05-22,Mumbai,Tropical,37.0,0.9,60.2,17.7,159
2024-05-29,Mumbai,Tropical,29.7,4.7,70.6,7.5,104
2024-06-05,Mumbai,Tropical,33.6,4.4,86.9,0.6,73
2024-06-12,Mumbai,Tropical,33.3,0.1,44.8,6.2,185
2024-06-19,Mumbai,Tropical,37.1,3.5,89.5,3.1,138
2024-06-26,Mumbai,Tropical,26.2,2.7,75.0,11.8,61
2024-07-03,Mumbai,Tropical,28.0,2.9,63.7,18.9,155
2024-07-10,Mumbai,Tropical,29.7,5.8,82.9,2.3,39
2024-07-17,Mumbai,Tropical,24.6,16.1,69.6,7.4,155
2024-07-24,Mumbai,Tropical,24.5,14.1,32.9,4.3,95
2024-07-31,Mumbai,Tropical,17.0,1.1,37.5,3.7,195
2024-08-07,Mumbai,Tropical,24.2,7.2,60.3,44.5,190
2024-08-14,Mumbai,Tropical,20.5,0.7,50.2,8.8,81
2024-08-21,Mumbai,Tropical,18.1,7.7,59.6,2.0,178
2024-08-28,Mumbai,Tropical,24.0,14.2,82.9,7.2,111
2024-09-04,Mumbai,Tropical,23.6,2.4,87.3,20.7,65
2024-09-11,Mumbai,Tropical,21.8,6.3,45.1,10.7,97
2024-09-18,Mumbai,Tropical,21.1,17.3,59.1,0.7,73
2024-09-25,Mumbai,Tropical,25.0,4.6,33.0,1.0,81
2024-10-02,Mumbai,Tropical,25.6,0.3,73.3,2.6,181
2024-10-09,Mumbai,Tropical,18.1,20.1,71.5,21.5,78
2024-10-16,Mumbai,Tropical,20.8,0.3,62.3,0.7,78
2024-10-23,Mumbai,Tropical,17.0,14.6,73.6,2.5,30
2024-10-30,Mumbai,Tropical,20.1,6.3,85.5,7.3,123
2024-11-06,Mumbai,Tropical,20.2,3.8,37.6,9.0,101
2024-11-13,Mumbai,Tropical,17.3,17.6,36.7,3.1,199
2024-11-20,Mumbai,Tropical,16.5,2.4,55.5,12.5,159
2024-11-27,Mumbai,Tropical,23.1,1.4,53.3,5.9,135
2024-12-04,Mumbai,Tropical,22.6,2.3,31.6,2.5,112
2024-12-11,Mumbai,Tropical,24.0,0.4,78.5,14.8,160
2024-12-18,Mumbai,Tropical,25.9,9.6,71.0,0.5,99
2024-12-25,Mumbai,Tropical,31.2,1.2,62.2,13.4,94
2020-01-01,Cairo,Arid,27.3,0.3,87.6,11.3,56
2020-01-08,Cairo,Arid,25.1,0.9,63.3,23.2,80
2020-01-15,Cairo,Arid,30.7,0.1,85.5,20.2,126
2020-01-22,Cairo,Arid,28.4,0.5,41.3,16.3,184
2020-01-29,Cairo,Arid,32.8,0.2,61.1,38.8,146
2020-02-05,Cairo,Arid,27.4,0.7,75.0,3.8,120
2020-02-12,Cairo,Arid,34.0,0.4,30.5,14.3,50
2020-02-19,Cairo,Arid,31.1,0.7,87.3,2.7,105
2020-02-26,Cairo,Arid,32.9,0.5,54.2,11.3,23
2020-03-04,Cairo,Arid,38.0,0.4,53.2,5.5,186
2020-03-11,Cairo,Arid,31.4,0.0,34.7,21.3,168
2020-03-18,Cairo,Arid,34.3,1.3,60.2,10.9,85
2020-03-25,Cairo,Arid,33.2,0.7,35.2,11.1,65
2020-04-01,Cairo,Arid,38.8,0.2,45.0,4.4,97
2020-04-08,Cairo,Arid,32.1,0.2,53.0,19.3,113
2020-04-15,Cairo,Arid,37.0,0.0,76.1,23.2,59
2020-04-22,Cairo,Arid,33.7,0.4,65.8,4.6,140
2020-04-29,Cairo,Arid,28.7,0.9,84.0,15.2,138
2020-05-06,Cairo,Arid,32.6,1.0,75.8,2.8,153
2020-05-13,Cairo,Arid,33.5,0.5,65.4,5.5,70
2020-05-20,Cairo,Arid,37.6,0.2,61.5,10.6,125
2020-05-27,Cairo,Arid,29.5,0.2,74.6,5.8,55
2020-06-03,Cairo,Arid,29.0,0.1,69.9,7.4,77
2020-06-10,Cairo,Arid,28.2,0.5,45.4,5.2,149
2020-06-17,Cairo,Arid,25.0,0.7,77.6,6.8,86
2020-06-24,Cairo,Arid,26.1,0.2,73.5,2.1,76
2020-07-01,Cairo,Arid,22.2,1.0,35.3,20.0,135
2020-07-08,Cairo,Arid,19.3,0.4,61.3,1.6,113
2020-07-15,Cairo,Arid,16.8,0.1,47.8,8.5,20
2020-07-22,Cairo,Arid,20.1,0.8,48.3,0.8,159
2020-07-29,Cairo,Arid,23.9,0.7,39.1,1.4,116
2020-08-05,Cairo,Arid,21.9,0.0,79.8,8.5,43
2020-08-12,Cairo,Arid,19.3,0.4,82.5,0.4,185
2020-08-19,Cairo,Arid,13.9,1.0,48.6,11.8,73
2020-08-26,Cairo,Arid,18.8,0.2,51.1,7.8,157
2020-09-02,Cairo,Arid,14.2,0.6,78.2,8.3,179
2020-09-09,Cairo,Arid,17.6,0.6,51.5,9.4,125
2020-09-16,Cairo,Arid,17.1,0.7,52.7,3.6,53
2020-09-23,Cairo,Arid,9.9,1.0,77.9,3.1,119
2020-09-30,Cairo,Arid,12.9,0.3,56.3,2.5,125
2020-10-07,Cairo,Arid,11.6,1.0,54.9,0.9,145
2020-10-14,Cairo,Arid,14.7,0.4,83.2,22.0,184
2020-10-21,Cairo,Arid,10.8,0.0,64.5,15.4,91
2020-10-28,Cairo,Arid,15.6,0.1,86.0,4.2,151
2020-11-04,Cairo,Arid,20.9,0.5,72.5,2.0,107
2020-11-11,Cairo,Arid,18.1,1.0,58.6,52.1,104
2020-11-18,Cairo,Arid,15.5,0.3,74.9,83.0,88
2020-11-25,Cairo,Arid,20.8,0.2,35.2,0.0,44
2020-12-02,Cairo,Arid,15.1,0.1,40.7,24.7,28
2020-12-09,Cairo,Arid,18.4,0.1,39.8,3.4,188
2020-12-16,Cairo,Arid,19.7,0.4,63.6,7.3,98
2020-12-23,Cairo,Arid,21.1,0.4,78.4,0.5,70
2020-12-30,Cairo,Arid,22.0,0.2,74.2,6.0,101
2021-01-06,Cairo,Arid,22.9,0.3,63.1,9.1,80
2021-01-13,Cairo,Arid,28.0,0.3,76.7,28.3,129
2021-01-20,Cairo,Arid,28.9,0.9,48.2,5.1,20
2021-01-27,Cairo,Arid,33.0,0.6,45.6,2.9,42
2021-02-03,Cairo,Arid,28.6,0.4,33.4,1.2,61
2021-02-10,Cairo,Arid,30.6,0.2,62.1,15.5,100
2021-02-17,Cairo,Arid,30.9,0.2,49.0,14.9,49
2021-02-24,Cairo,Arid,37.9,0.0,70.0,16.5,149
2021-03-03,Cairo,Arid,32.7,1.3,81.6,12.4,53
2021-03-10,Cairo,Arid,32.8,1.8,87.9,2.4,149
2021-03-17,Cairo,Arid,34.7,0.1,87.7,3.4,69
2021-03-24,Cairo,Arid,32.8,0.0,60.7,25.1,65
2021-03-31,Cairo,Arid,31.2,0.1,70.2,3.4,167
2021-04-07,Cairo,Arid,30.2,1.2,40.0,1.3,173
2021-04-14,Cairo,Arid,28.5,0.9,48.6,7.1,89
2021-04-21,Cairo,Arid,35.0,0.0,43.6,26.8,164
2021-04-28,Cairo,Arid,36.6,0.1,60.5,13.3,172
2021-05-05,Cairo,Arid,38.2,1.2,68.0,0.7,41
2021-05-12,Cairo,Arid,33.2,0.1,42.0,12.6,85
2021-05-19,Cairo,Arid,32.5,0.2,39.1,3.1,188
2021-05-26,Cairo,Arid,31.5,0.2,81.4,5.7,115
2021-06-02,Cairo,Arid,27.7,0.3,72.3,0.3,93
2021-06-09,Cairo,Arid,27.6,1.4,85.9,2.3,64
2021-06-16,Cairo,Arid,21.7,0.9,59.0,10.8,188
2021-06-23,Cairo,Arid,25.9,1.1,78.4,0.0,147
2021-06-30,Cairo,Arid,18.0,0.4,58.9,11.4,155
2021-07-07,Cairo,Arid,20.1,0.0,43.9,16.2,28
2021-07-14,Cairo,Arid,25.2,0.3,55.0,38.1,158
2021-07-21,Cairo,Arid,22.3,0.2,75.3,11.2,191
2021-07-28,Cairo,Arid,22.4,0.5,54.7,27.2,110
2021-08-04,Cairo,Arid,20.5,0.5,32.4,5.2,95
2021-08-11,Cairo,Arid,14.4,0.2,73.3,19.8,125
2021-08-18,Cairo,Arid,17.2,0.1,86.9,6.4,47
2021-08-25,Cairo,Arid,14.4,0.7,59.9,3.7,77
2021-09-01,Cairo,Arid,19.1,0.0,34.3,3.4,171
2021-09-08,Cairo,Arid,22.8,0.1,43.7,21.4,131
2021-09-15,Cairo,Arid,13.4,1.2,35.6,6.3,103
2021-09-22,Cairo,Arid,17.4,0.2,62.4,11.3,82
2021-09-29,Cairo,Arid,15.5,0.2,88.1,27.0,101
2021-10-06,Cairo,Arid,8.0,0.2,37.6,18.5,64
2021-10-13,Cairo,Arid,14.1,0.1,66.1,0.6,191
2021-10-20,Cairo,Arid,21.8,0.3,74.9,17.6,107
2021-10-27,Cairo,Arid,18.2,0.9,80.6,3.6,74
2021-11-03,Cairo,Arid,16.8,0.0,78.3,4.6,135
2021-11-10,Cairo,Arid,15.6,0.6,39.6,22.7,124
2021-11-17,Cairo,Arid,21.5,0.3,72.3,17.2,84
2021-11-24,Cairo,Arid,20.6,0.2,52.6,7.6,120
2021-12-01,Cairo,Arid,21.9,0.1,70.6,2.9,92
2021-12-08,Cairo,Arid,19.3,0.1,60.3,20.1,28
2021-12-15,Cairo,Arid,24.9,1.2,34.4,22.5,57
2021-12-22,Cairo,Arid,20.8,1.0,72.0,5.1,190
2021-12-29,Cairo,Arid,27.9,0.7,67.0,0.0,147
2022-01-05,Cairo,Arid,24.0,0.5,57.3,19.9,165
2022-01-12,Cairo,Arid,29.4,2.9,39.2,19.9,44
2022-01-19,Cairo,Arid,26.7,0.5,39.0,27.0,108
2022-01-26,Cairo,Arid,33.3,0.6,77.1,15.9,44
2022-02-02,Cairo,Arid,34.1,0.2,58.1,3.2,113
2022-02-09,Cairo,Arid,30.8,0.1,78.2,2.8,20
2022-02-16,Cairo,Arid,29.4,0.0,47.0,5.7,171
2022-02-23,Cairo,Arid,26.1,0.3,50.3,4.9,149
2022-03-02,Cairo,Arid,32.6,0.2,55.9,9.8,136
2022-03-09,Cairo,Arid,33.1,0.4,41.0,8.5,132
2022-03-16,Cairo,Arid,34.1,0.1,54.4,6.2,143
2022-03-23,Cairo,Arid,34.9,0.0,65.4,7.4,34
2022-03-30,Cairo,Arid,39.9,0.3,32.6,3.7,194
2022-04-06,Cairo,Arid,34.6,0.1,83.4,0.1,72
2022-04-13,Cairo,Arid,33.0,0.3,69.8,7.5,58
2022-04-20,Cairo,Arid,31.6,0.6,42.7,1.1,62
2022-04-27,Cairo,Arid,34.3,1.2,78.3,0.7,125
2022-05-04,Cairo,Arid,29.3,0.6,36.8,14.8,187
2022-05-11,Cairo,Arid,35.9,0.3,58.9,0.7,76
2022-05-18,Cairo,Arid,32.2,0.2,86.7,3.3,109
2022-05-25,Cairo,Arid,34.9,0.7,30.3,25.0,128
2022-06-01,Cairo,Arid,37.8,0.5,70.1,1.3,150
2022-06-08,Cairo,Arid,27.8,0.4,32.8,9.8,34
2022-06-15,Cairo,Arid,34.1,0.7,43.1,5.9,116
2022-06-22,Cairo,Arid,29.8,0.1,46.8,17.2,98
2022-06-29,Cairo,Arid,21.5,0.9,61.1,6.2,92
2022-07-06,Cairo,Arid,29.0,0.3,67.8,12.0,92
2022-07-13,Cairo,Arid,24.7,0.5,67.5,1.4,97
2022-07-20,Cairo,Arid,19.2,0.3,83.2,4.8,141
2022-07-27,Cairo,Arid,18.3,0.1,58.6,47.9,139
2022-08-03,Cairo,Arid,12.9,0.2,88.9,1.4,142
2022-08-10,Cairo,Arid,15.8,0.7,43.7,25.5,130
2022-08-17,Cairo,Arid,16.9,0.1,84.9,1.2,165
2022-08-24,Cairo,Arid,16.2,0.4,40.6,16.8,60
2022-08-31,Cairo,Arid,15.8,0.2,74.1,10.1,122
2022-09-07,Cairo,Arid,11.3,0.4,36.8,27.2,49
2022-09-14,Cairo,Arid,6.8,0.7,55.2,28.7,42
2022-09-21,Cairo,Arid,13.8,0.2,60.5,1.6,119
2022-09-28,Cairo,Arid,16.3,0.3,62.4,34.4,111
2022-10-05,Cairo,Arid,15.2,1.8,81.6,1.2,65
2022-10-12,Cairo,Arid,17.5,0.0,75.9,3.4,50
2022-10-19,Cairo,Arid,9.7,0.2,38.6,11.9,33
2022-10-26,Cairo,Arid,13.6,0.9,84.3,1.3,133
2022-11-02,Cairo,Arid,22.2,0.6,79.5,0.6,186
2022-11-09,Cairo,Arid,16.8,0.8,81.2,24.6,69
2022-11-16,Cairo,Arid,18.4,1.3,67.7,5.0,100
2022-11-23,Cairo,Arid,17.6,0.1,41.4,11.1,75
2022-11-30,Cairo,Arid,25.1,0.7,34.8,0.5,147
2022-12-07,Cairo,Arid,16.9,1.7,68.5,0.2,67
2022-12-14,Cairo,Arid,18.8,0.0,69.6,5.6,160
2022-12-21,Cairo,Arid,25.0,0.4,33.2,1.5,180
2022-12-28,Cairo,Arid,28.7,0.4,79.5,19.4,67
2023-01-04,Cairo,Arid,26.0,0.9,73.3,0.8,108
2023-01-11,Cairo,Arid,26.7,0.0,68.6,8.9,150
2023-01-18,Cairo,Arid,27.9,0.2,68.4,1.4,129
2023-01-25,Cairo,Arid,25.5,0.2,83.3,0.4,167
2023-02-01,Cairo,Arid,32.8,0.3,54.1,1.6,189
2023-02-08,Cairo,Arid,28.3,0.4,48.2,4.5,43
2023-02-15,Cairo,Arid,29.9,1.5,44.8,7.6,108
2023-02-22,Cairo,Arid,38.8,0.3,42.5,16.8,93
2023-03-01,Cairo,Arid,30.0,0.1,64.6,8.1,80
2023-03-08,Cairo,Arid,36.3,0.2,44.0,0.5,71
2023-03-15,Cairo,Arid,35.9,1.4,53.8,11.8,146
2023-03-22,Cairo,Arid,41.1,0.3,37.7,1.3,169
2023-03-29,Cairo,Arid,38.3,0.4,68.7,0.1,99
2023-04-05,Cairo,Arid,37.1,0.4,40.1,14.3,141
2023-04-12,Cairo,Arid,36.5,0.6,44.1,3.1,191
2023-04-19,Cairo,Arid,32.0,0.4,81.0,6.5,185
2023-04-26,Cairo,Arid,34.5,0.4,36.3,11.8,125
2023-05-03,Cairo,Arid,33.2,0.5,36.0,9.3,76
2023-05-10,Cairo,Arid,30.7,0.2,45.1,11.5,73
2023-05-17,Cairo,Arid,30.5,0.1,89.2,8.2,197
2023-05-24,Cairo,Arid,26.7,1.1,31.5,4.3,154
2023-05-31,Cairo,Arid,32.6,0.5,31.5,16.6,66
2023-06-07,Cairo,Arid,34.0,0.8,37.7,0.2,126
2023-06-14,Cairo,Arid,29.2,0.1,33.9,11.7,42
2023-06-21,Cairo,Arid,28.2,0.4,60.8,6.8,76
2023-06-28,Cairo,Arid,15.7,0.5,55.5,5.9,20
2023-07-05,Cairo,Arid,24.2,0.4,48.3,2.0,63
2023-07-12,Cairo,Arid,27.1,0.1,67.0,5.9,87
2023-07-19,Cairo,Arid,17.9,0.3,52.1,1.1,93
2023-07-26,Cairo,Arid,15.5,0.5,69.9,3.4,54
2023-08-02,Cairo,Arid,19.0,0.9,80.6,7.3,48
2023-08-09,Cairo,Arid,15.0,0.0,32.1,24.3,109
2023-08-16,Cairo,Arid,13.9,0.6,63.4,3.0,40
2023-08-23,Cairo,Arid,20.8,0.9,41.7,22.3,141
2023-08-30,Cairo,Arid,18.5,1.0,89.9,9.4,80
2023-09-06,Cairo,Arid,11.4,0.2,89.8,18.7,132
2023-09-13,Cairo,Arid,14.8,0.2,53.0,18.1,74
2023-09-20,Cairo,Arid,17.3,0.9,71.9,3.4,88
2023-09-27,Cairo,Arid,7.5,0.3,70.0,0.1,96
2023-10-04,Cairo,Arid,16.0,0.3,50.6,1.5,175
2023-10-11,Cairo,Arid,15.8,0.1,82.7,16.8,139
2023-10-18,Cairo,Arid,14.1,0.5,78.4,1.2,170
2023-10-25,Cairo,Arid,19.1,0.0,34.4,19.0,144
2023-11-01,Cairo,Arid,17.0,0.6,62.6,17.9,180
2023-11-08,Cairo,Arid,19.7,0.1,70.9,2.9,180
2023-11-15,Cairo,Arid,15.9,1.3,80.2,54.0,146
2023-11-22,Cairo,Arid,18.6,0.2,63.0,13.8,92
2023-11-29,Cairo,Arid,24.5,0.0,52.2,7.0,198
2023-12-06,Cairo,Arid,22.9,0.2,80.8,5.6,131
2023-12-13,Cairo,Arid,24.6,0.0,37.2,2.5,180
2023-12-20,Cairo,Arid,24.6,0.8,51.1,5.2,28
2023-12-27,Cairo,Arid,26.8,0.2,82.5,14.8,39
2024-01-03,Cairo,Arid,27.6,0.6,86.7,5.3,27
2024-01-10,Cairo,Arid,25.1,0.4,45.3,11.3,174
2024-01-17,Cairo,Arid,37.6,0.8,74.1,10.9,90
2024-01-24,Cairo,Arid,31.7,0.6,60.0,22.5,107
2024-01-31,Cairo,Arid,28.5,0.7,35.6,30.2,33
2024-02-07,Cairo,Arid,33.4,0.6,47.9,5.3,87
2024-02-14,Cairo,Arid,37.0,1.2,72.3,11.1,168
2024-02-21,Cairo,Arid,34.7,0.6,70.6,12.2,191
2024-02-28,Cairo,Arid,31.0,0.7,61.3,0.8,25
2024-03-06,Cairo,Arid,39.4,1.4,32.9,19.0,196
2024-03-13,Cairo,Arid,31.5,0.4,84.2,3.9,35
2024-03-20,Cairo,Arid,36.4,0.7,82.9,16.4,97
2024-03-27,Cairo,Arid,32.1,1.2,53.8,2.8,71
2024-04-03,Cairo,Arid,33.3,0.5,33.0,26.1,110
2024-04-10,Cairo,Arid,38.2,0.4,39.4,11.7,140
2024-04-17,Cairo,Arid,34.0,0.6,52.4,1.6,197
2024-04-24,Cairo,Arid,34.7,0.0,61.6,21.7,161
2024-05-01,Cairo,Arid,30.8,1.1,85.3,1.1,170
2024-05-08,Cairo,Arid,35.8,1.8,32.8,4.4,80
2024-05-15,Cairo,Arid,32.6,0.7,68.4,1.3,68
2024-05-22,Cairo,Arid,33.9,0.0,38.8,0.8,96
2024-05-29,Cairo,Arid,25.2,0.8,78.5,2.1,136
2024-06-05,Cairo,Arid,28.4,0.5,32.3,9.7,88
2024-06-12,Cairo,Arid,34.3,0.2,49.0,11.1,166
2024-06-19,Cairo,Arid,31.1,1.0,50.5,14.7,66
2024-06-26,Cairo,Arid,28.8,1.1,61.7,7.3,173
2024-07-03,Cairo,Arid,24.7,0.2,46.0,26.5,86
2024-07-10,Cairo,Arid,25.6,0.4,66.9,6.6,112
2024-07-17,Cairo,Arid,16.9,0.1,67.2,12.7,176
2024-07-24,Cairo,Arid,21.0,0.0,82.9,3.0,55
2024-07-31,Cairo,Arid,16.9,0.3,80.7,22.8,103
2024-08-07,Cairo,Arid,19.7,0.6,36.0,0.3,106
2024-08-14,Cairo,Arid,16.7,0.0,63.3,14.4,114
2024-08-21,Cairo,Arid,16.8,0.9,32.0,4.6,79
2024-08-28,Cairo,Arid,18.4,0.0,38.7,11.9,128
2024-09-04,Cairo,Arid,11.1,0.5,33.3,5.2,20
2024-09-11,Cairo,Arid,15.0,1.4,62.5,7.5,87
2024-09-18,Cairo,Arid,12.6,1.6,53.1,4.2,114
2024-09-25,Cairo,Arid,17.2,0.1,69.9,0.8,131
2024-10-02,Cairo,Arid,15.7,0.6,38.0,16.4,198
2024-10-09,Cairo,Arid,22.1,0.1,74.5,3.6,183
2024-10-16,Cairo,Arid,12.8,0.1,71.3,1.4,57
2024-10-23,Cairo,Arid,18.3,0.2,82.9,22.2,135
2024-10-30,Cairo,Arid,13.8,0.0,34.9,8.6,62
2024-11-06,Cairo,Arid,19.8,0.5,47.0,4.7,32
2024-11-13,Cairo,Arid,21.6,0.6,60.2,12.3,84
2024-11-20,Cairo,Arid,20.0,0.1,75.0,10.0,193
2024-11-27,Cairo,Arid,19.0,1.1,61.1,6.1,91
2024-12-04,Cairo,Arid,23.4,0.2,47.6,5.1,65
2024-12-11,Cairo,Arid,17.6,1.3,31.5,8.7,166
2024-12-18,Cairo,Arid,24.9,0.1,38.8,19.4,76
2024-12-25,Cairo,Arid,24.6,0.1,45.8,0.4,43
2020-01-01,São Paulo,Tropical,28.1,1.9,52.9,46.8,111
2020-01-08,São Paulo,Tropical,21.8,9.6,45.4,0.2,140
2020-01-15,São Paulo,Tropical,30.0,3.3,57.6,4.5,78
2020-01-22,São Paulo,Tropical,21.7,1.5,86.4,23.6,126
2020-01-29,São Paulo,Tropical,28.2,3.9,72.9,8.1,113
2020-02-05,São Paulo,Tropical,28.2,13.3,41.1,5.7,87
2020-02-12,São Paulo,Tropical,24.7,10.5,39.5,6.1,105
2020-02-19,São Paulo,Tropical,28.4,5.9,53.0,20.3,81
2020-02-26,São Paulo,Tropical,32.7,0.7,70.8,18.5,70
2020-03-04,São Paulo,Tropical,28.2,10.1,32.0,24.4,188
2020-03-11,São Paulo,Tropical,34.6,7.8,47.7,6.8,131
2020-03-18,São Paulo,Tropical,28.5,2.6,69.7,21.4,141
2020-03-25,São Paulo,Tropical,26.3,2.3,41.0,5.6,87
2020-04-01,São Paulo,Tropical,36.3,2.2,30.5,18.3,154
2020-04-08,São Paulo,Tropical,38.8,5.3,53.2,10.4,153
2020-04-15,São Paulo,Tropical,37.3,0.3,57.4,8.0,111
2020-04-22,São Paulo,Tropical,30.5,6.6,53.0,29.0,120
2020-04-29,São Paulo,Tropical,39.4,2.6,39.0,7.0,182
2020-05-06,São Paulo,Tropical,28.8,9.4,72.4,6.7,162
2020-05-13,São Paulo,Tropical,20.8,2.7,54.5,3.9,102
2020-05-20,São Paulo,Tropical,31.0,0.2,89.5,1.4,172
2020-05-27,São Paulo,Tropical,25.7,8.3,35.3,16.4,57
2020-06-03,São Paulo,Tropical,25.1,5.7,66.5,14.7,45
2020-06-10,São Paulo,Tropical,30.4,0.6,36.8,5.3,90
2020-06-17,São Paulo,Tropical,21.7,0.4,86.4,3.0,148
2020-06-24,São Paulo,Tropical,24.8,0.6,67.7,1.0,161
2020-07-01,São Paulo,Tropical,19.2,19.0,32.2,5.9,38
2020-07-08,São Paulo,Tropical,24.2,3.6,65.1,4.5,43
2020-07-15,São Paulo,Tropical,23.7,11.6,39.8,4.8,192
2020-07-22,São Paulo,Tropical,14.3,4.9,73.7,26.9,176
2020-07-29,São Paulo,Tropical,14.2,0.4,71.6,15.4,121
2020-08-05,São Paulo,Tropical,14.8,3.8,70.2,17.8,190
2020-08-12,São Paulo,Tropical,13.0,3.2,65.9,0.3,177
2020-08-19,São Paulo,Tropical,13.3,4.6,86.1,2.7,134
2020-08-26,São Paulo,Tropical,10.5,0.1,46.2,16.3,110
2020-09-02,São Paulo,Tropical,7.8,3.0,48.6,6.6,32
2020-09-09,São Paulo,Tropical,11.9,7.9,80.3,10.6,168
2020-09-16,São Paulo,Tropical,16.7,1.6,48.9,1.2,150
2020-09-23,São Paulo,Tropical,11.4,12.0,36.3,12.7,125
2020-09-30,São Paulo,Tropical,7.7,2.1,89.5,1.1,42
2020-10-07,São Paulo,Tropical,16.0,1.5,71.6,0.4,97
2020-10-14,São Paulo,Tropical,10.2,3.0,68.2,2.5,147
2020-10-21,São Paulo,Tropical,12.2,4.8,57.4,22.5,42
2020-10-28,São Paulo,Tropical,17.8,9.2,78.1,5.3,71
2020-11-04,São Paulo,Tropical,11.4,0.1,76.6,17.2,158
2020-11-11,São Paulo,Tropical,16.6,2.2,68.5,2.8,40
2020-11-18,São Paulo,Tropical,14.5,9.7,50.8,36.1,164
2020-11-25,São Paulo,Tropical,14.9,3.1,86.5,21.9,52
2020-12-02,São Paulo,Tropical,18.3,0.2,82.2,1.5,102
2020-12-09,São Paulo,Tropical,16.7,1.0,87.6,11.8,96
2020-12-16,São Paulo,Tropical,17.7,1.0,68.6,4.0,58
2020-12-23,São Paulo,Tropical,24.5,5.0,45.4,29.7,40
2020-12-30,São Paulo,Tropical,15.8,3.0,64.2,5.7,53
2021-01-06,São Paulo,Tropical,22.3,6.3,34.2,4.0,60
2021-01-13,São Paulo,Tropical,26.1,4.4,52.2,6.7,36
2021-01-20,São Paulo,Tropical,21.1,7.5,74.3,22.3,55
2021-01-27,São Paulo,Tropical,27.7,6.5,33.1,21.6,169
2021-02-03,São Paulo,Tropical,27.9,2.3,43.8,8.2,173
2021-02-10,São Paulo,Tropical,31.2,0.4,41.5,5.8,84
2021-02-17,São Paulo,Tropical,29.6,1.4,78.4,14.4,108
2021-02-24,São Paulo,Tropical,26.3,3.4,74.5,14.7,33
2021-03-03,São Paulo,Tropical,32.1,0.7,77.2,0.2,129
2021-03-10,São Paulo,Tropical,26.5,6.6,44.5,1.9,172
2021-03-17,São Paulo,Tropical,29.7,7.9,89.4,11.4,58
2021-03-24,São Paulo,Tropical,28.0,0.0,37.6,27.1,80
2021-03-31,São Paulo,Tropical,34.8,0.2,61.2,8.4,24
2021-04-07,São Paulo,Tropical,36.3,0.7,48.6,9.6,112
2021-04-14,São Paulo,Tropical,31.4,3.9,47.3,1.3,80
2021-04-21,São Paulo,Tropical,27.6,15.1,31.3,3.6,82
2021-04-28,São Paulo,Tropical,35.4,2.3,44.5,11.2,151
2021-05-05,São Paulo,Tropical,28.7,6.2,53.1,5.1,35
2021-05-12,São Paulo,Tropical,31.2,4.2,58.8,6.8,132
2021-05-19,São Paulo,Tropical,21.8,2.3,33.1,11.6,118
2021-05-26,São Paulo,Tropical,26.8,21.6,67.2,10.5,45
2021-06-02,São Paulo,Tropical,21.2,5.1,47.3,2.7,70
2021-06-09,São Paulo,Tropical,25.4,0.7,33.4,20.3,102
2021-06-16,São Paulo,Tropical,22.6,23.5,61.4,2.3,141
2021-06-23,São Paulo,Tropical,20.0,2.0,31.2,1.5,69
2021-06-30,São Paulo,Tropical,19.0,2.4,49.0,11.3,176
2021-07-07,São Paulo,Tropical,19.2,5.8,64.0,11.5,142
2021-07-14,São Paulo,Tropical,21.8,2.4,69.8,2.9,20
2021-07-21,São Paulo,Tropical,18.3,0.3,48.3,1.7,26
2021-07-28,São Paulo,Tropical,11.4,3.5,63.8,3.8,31
2021-08-04,São Paulo,Tropical,19.5,6.5,85.7,16.3,53
2021-08-11,São Paulo,Tropical,17.7,2.2,37.5,8.9,153
2021-08-18,São Paulo,Tropical,8.6,0.0,48.8,7.5,112
2021-08-25,São Paulo,Tropical,13.5,1.5,84.6,1.1,105
2021-09-01,São Paulo,Tropical,10.4,0.8,72.6,11.3,43
2021-09-08,São Paulo,Tropical,11.7,5.8,51.6,11.0,150
2021-09-15,São Paulo,Tropical,17.5,12.2,77.9,25.4,37
2021-09-22,São Paulo,Tropical,10.2,27.7,36.2,2.0,154
2021-09-29,São Paulo,Tropical,9.7,4.8,77.6,0.9,178
2021-10-06,São Paulo,Tropical,14.8,0.2,49.2,9.1,167
2021-10-13,São Paulo,Tropical,12.1,3.3,78.9,0.6,141
2021-10-20,São Paulo,Tropical,14.3,6.8,60.6,5.5,156
2021-10-27,São Paulo,Tropical,20.6,4.7,40.8,2.6,154
2021-11-03,São Paulo,Tropical,12.5,4.4,80.8,5.8,61
2021-11-10,São Paulo,Tropical,16.7,0.4,60.6,34.9,69
2021-11-17,São Paulo,Tropical,14.7,3.7,80.2,17.7,144
2021-11-24,São Paulo,Tropical,16.3,5.2,31.7,17.6,122
2021-12-01,São Paulo,Tropical,22.8,1.4,37.5,8.8,169
2021-12-08,São Paulo,Tropical,9.5,1.0,50.3,5.4,106
2021-12-15,São Paulo,Tropical,14.0,0.1,66.3,5.0,106
2021-12-22,São Paulo,Tropical,19.9,2.4,34.7,1.9,82
2021-12-29,São Paulo,Tropical,18.4,6.0,42.4,5.8,113
2022-01-05,São Paulo,Tropical,22.8,1.2,70.4,12.2,168
2022-01-12,São Paulo,Tropical,23.7,6.8,67.2,16.2,128
2022-01-19,São Paulo,Tropical,28.5,4.2,53.9,3.3,36
2022-01-26,São Paulo,Tropical,30.8,8.6,63.3,2.0,136
2022-02-02,São Paulo,Tropical,26.8,10.6,32.7,13.1,91
2022-02-09,São Paulo,Tropical,34.8,8.9,33.0,19.1,100
2022-02-16,São Paulo,Tropical,27.8,1.1,49.0,3.3,176
2022-02-23,São Paulo,Tropical,29.1,1.3,57.2,7.3,111
2022-03-02,São Paulo,Tropical,31.4,3.0,77.4,9.6,198
2022-03-09,São Paulo,Tropical,30.6,2.5,74.6,8.7,177
2022-03-16,São Paulo,Tropical,28.1,1.7,46.6,6.9,186
2022-03-23,São Paulo,Tropical,33.4,0.9,69.8,19.1,178
2022-03-30,São Paulo,Tropical,24.0,3.4,88.5,4.1,44
2022-04-06,São Paulo,Tropical,33.8,7.3,88.2,13.7,134
2022-04-13,São Paulo,Tropical,31.7,7.8,72.2,8.9,171
2022-04-20,São Paulo,Tropical,30.0,1.9,81.0,18.7,33
2022-04-27,São Paulo,Tropical,34.5,3.0,42.6,0.0,72
2022-05-04,São Paulo,Tropical,24.1,29.3,76.3,14.3,109
2022-05-11,São Paulo,Tropical,30.7,0.2,76.5,8.5,188
2022-05-18,São Paulo,Tropical,29.6,1.5,43.7,0.1,142
2022-05-25,São Paulo,Tropical,24.6,7.6,46.1,12.0,96
2022-06-01,São Paulo,Tropical,24.7,1.1,65.3,0.7,187
2022-06-08,São Paulo,Tropical,24.8,3.4,55.2,2.1,147
2022-06-15,São Paulo,Tropical,27.5,0.4,74.8,0.5,111
2022-06-22,São Paulo,Tropical,27.3,2.7,40.8,11.7,193
2022-06-29,São Paulo,Tropical,20.0,11.3,68.2,13.1,160
2022-07-06,São Paulo,Tropical,18.4,14.5,38.5,10.3,182
2022-07-13,São Paulo,Tropical,18.8,6.8,71.1,14.2,33
2022-07-20,São Paulo,Tropical,20.3,27.1,45.2,5.7,174
2022-07-27,São Paulo,Tropical,19.0,0.5,31.4,0.6,167
2022-08-03,São Paulo,Tropical,17.0,0.9,82.4,12.2,41
2022-08-10,São Paulo,Tropical,19.7,15.6,30.2,2.8,28
2022-08-17,São Paulo,Tropical,18.7,2.7,49.0,0.4,120
2022-08-24,São Paulo,Tropical,14.1,1.3,40.9,16.6,187
2022-08-31,São Paulo,Tropical,10.7,14.2,82.0,3.4,181
2022-09-07,São Paulo,Tropical,12.9,0.9,49.0,5.5,98
2022-09-14,São Paulo,Tropical,12.8,4.7,85.6,10.9,142
2022-09-21,São Paulo,Tropical,14.5,1.7,41.1,10.5,90
2022-09-28,São Paulo,Tropical,12.5,5.8,49.2,2.9,76
2022-10-05,São Paulo,Tropical,6.9,2.2,39.8,6.7,138
2022-10-12,São Paulo,Tropical,11.8,0.9,55.6,7.7,27
2022-10-19,São Paulo,Tropical,16.9,5.7,68.1,24.0,182
2022-10-26,São Paulo,Tropical,12.1,4.1,77.2,7.8,194
2022-11-02,São Paulo,Tropical,11.8,15.6,74.0,10.8,167
2022-11-09,São Paulo,Tropical,11.7,5.6,78.3,10.8,26
2022-11-16,São Paulo,Tropical,18.1,8.1,80.7,1.2,162
2022-11-23,São Paulo,Tropical,14.3,16.0,51.4,0.7,34
2022-11-30,São Paulo,Tropical,22.0,0.3,65.6,14.8,112
2022-12-07,São Paulo,Tropical,15.3,5.5,55.2,33.6,76
2022-12-14,São Paulo,Tropical,19.0,3.9,85.1,23.0,99
2022-12-21,São Paulo,Tropical,23.4,2.9,40.5,2.2,168
2022-12-28,São Paulo,Tropical,18.8,5.4,47.6,2.4,101
2023-01-04,São Paulo,Tropical,19.1,7.3,83.1,2.5,68
2023-01-11,São Paulo,Tropical,22.8,7.5,77.9,7.7,22
2023-01-18,São Paulo,Tropical,26.0,9.4,30.6,5.2,178
2023-01-25,São Paulo,Tropical,22.4,0.0,59.8,14.0,49
2023-02-01,São Paulo,Tropical,22.1,0.8,57.1,5.2,162
2023-02-08,São Paulo,Tropical,28.1,0.8,52.2,4.0,148
2023-02-15,São Paulo,Tropical,26.6,4.2,84.2,5.0,159
2023-02-22,São Paulo,Tropical,30.1,5.2,36.1,18.6,22
2023-03-01,São Paulo,Tropical,35.4,9.4,31.2,9.3,108
2023-03-08,São Paulo,Tropical,29.9,5.8,70.5,2.5,180
2023-03-15,São Paulo,Tropical,33.7,3.9,88.7,16.6,147
2023-03-22,São Paulo,Tropical,31.2,4.7,66.3,17.6,96
2023-03-29,São Paulo,Tropical,36.2,2.7,62.8,8.1,117
2023-04-05,São Paulo,Tropical,33.4,4.4,54.5,10.5,63
2023-04-12,São Paulo,Tropical,31.2,2.7,43.7,8.8,181
2023-04-19,São Paulo,Tropical,28.6,11.4,53.7,30.6,54
2023-04-26,São Paulo,Tropical,23.0,18.2,30.5,22.9,27
2023-05-03,São Paulo,Tropical,32.0,0.1,33.8,2.5,194
2023-05-10,São Paulo,Tropical,26.8,3.4,42.9,0.6,50
2023-05-17,São Paulo,Tropical,30.4,3.8,38.6,0.1,96
2023-05-24,São Paulo,Tropical,25.9,21.8,82.9,5.0,69
2023-05-31,São Paulo,Tropical,22.0,0.5,43.4,2.1,63
2023-06-07,São Paulo,Tropical,28.5,0.1,77.4,0.1,175
2023-06-14,São Paulo,Tropical,32.3,16.5,65.4,6.4,111
2023-06-21,São Paulo,Tropical,25.1,2.2,67.7,15.3,127
2023-06-28,São Paulo,Tropical,27.7,3.5,34.1,12.9,127
2023-07-05,São Paulo,Tropical,21.5,1.7,69.8,5.6,125
2023-07-12,São Paulo,Tropical,23.7,6.5,86.6,17.8,70
2023-07-19,São Paulo,Tropical,22.2,2.6,42.9,4.4,158
2023-07-26,São Paulo,Tropical,19.6,1.5,57.3,4.9,90
2023-08-02,São Paulo,Tropical,14.6,3.3,56.9,1.3,32
2023-08-09,São Paulo,Tropical,20.9,2.7,55.9,0.6,134
2023-08-16,São Paulo,Tropical,19.6,0.2,67.0,14.3,88
2023-08-23,São Paulo,Tropical,10.4,1.4,40.4,31.7,86
2023-08-30,São Paulo,Tropical,14.8,1.3,49.7,2.4,67
2023-09-06,São Paulo,Tropical,11.3,8.2,45.2,2.9,169
2023-09-13,São Paulo,Tropical,13.4,0.4,31.6,3.0,156
2023-09-20,São Paulo,Tropical,10.6,1.5,63.4,5.3,25
2023-09-27,São Paulo,Tropical,9.9,0.7,88.4,2.6,33
2023-10-04,São Paulo,Tropical,9.3,9.8,48.5,10.8,38
2023-10-11,São Paulo,Tropical,10.9,3.0,31.0,1.2,72
2023-10-18,São Paulo,Tropical,11.5,16.7,60.6,9.9,199
2023-10-25,São Paulo,Tropical,10.5,2.0,31.4,6.9,20
2023-11-01,São Paulo,Tropical,14.8,3.4,50.3,1.6,137
2023-11-08,São Paulo,Tropical,12.3,5.8,80.5,5.4,152
2023-11-15,São Paulo,Tropical,11.2,5.5,66.3,0.9,97
2023-11-22,São Paulo,Tropical,16.0,2.1,69.3,12.4,130
2023-11-29,São Paulo,Tropical,19.8,2.1,35.0,49.3,131
2023-12-06,São Paulo,Tropical,12.2,17.2,72.2,1.5,99
2023-12-13,São Paulo,Tropical,15.0,2.5,45.7,4.2,95
2023-12-20,São Paulo,Tropical,23.6,5.3,30.5,15.1,128
2023-12-27,São Paulo,Tropical,21.3,4.4,85.2,0.5,135
2024-01-03,São Paulo,Tropical,20.7,1.8,63.6,0.1,147
2024-01-10,São Paulo,Tropical,23.1,3.6,89.5,10.6,29
2024-01-17,São Paulo,Tropical,24.2,12.6,58.2,0.3,28
2024-01-24,São Paulo,Tropical,25.7,26.1,55.2,9.4,193
2024-01-31,São Paulo,Tropical,29.5,4.9,60.3,17.0,65
2024-02-07,São Paulo,Tropical,25.9,4.2,68.9,4.3,182
2024-02-14,São Paulo,Tropical,34.1,6.3,43.5,1.0,94
2024-02-21,São Paulo,Tropical,26.3,7.9,84.9,1.9,97
2024-02-28,São Paulo,Tropical,31.1,4.4,56.6,0.3,98
2024-03-06,São Paulo,Tropical,32.8,6.5,71.9,3.7,75
2024-03-13,São Paulo,Tropical,34.4,1.0,53.7,1.9,75
2024-03-20,São Paulo,Tropical,31.0,0.8,49.3,8.6,106
2024-03-27,São Paulo,Tropical,32.0,3.7,49.5,1.7,145
2024-04-03,São Paulo,Tropical,34.1,4.7,67.6,10.2,155
2024-04-10,São Paulo,Tropical,34.2,0.6,38.9,5.6,74
2024-04-17,São Paulo,Tropical,32.9,1.2,35.0,6.6,80
2024-04-24,São Paulo,Tropical,32.2,8.8,56.6,8.5,108
2024-05-01,São Paulo,Tropical,31.0,8.8,39.5,9.0,106
2024-05-08,São Paulo,Tropical,28.7,4.5,80.8,4.4,159
2024-05-15,São Paulo,Tropical,34.0,0.6,42.4,1.6,199
2024-05-22,São Paulo,Tropical,26.6,0.5,83.6,4.9,53
2024-05-29,São Paulo,Tropical,26.3,8.3,46.0,2.4,152
2024-06-05,São Paulo,Tropical,24.1,13.4,44.7,8.6,81
2024-06-12,São Paulo,Tropical,19.4,1.9,68.7,19.1,197
2024-06-19,São Paulo,Tropical,26.3,2.1,77.1,2.1,142
2024-06-26,São Paulo,Tropical,22.0,4.1,69.7,9.0,185
2024-07-03,São Paulo,Tropical,21.5,2.8,63.0,11.3,34
2024-07-10,São Paulo,Tropical,19.2,2.8,63.3,4.0,96
2024-07-17,São Paulo,Tropical,18.6,5.2,50.0,14.1,139
2024-07-24,São Paulo,Tropical,20.5,0.1,71.8,4.7,191
2024-07-31,São Paulo,Tropical,23.2,5.8,60.8,6.1,176
2024-08-07,São Paulo,Tropical,14.2,3.2,47.8,7.2,104
2024-08-14,São Paulo,Tropical,11.7,7.8,52.4,8.3,184
2024-08-21,São Paulo,Tropical,16.7,4.1,61.9,5.1,78
2024-08-28,São Paulo,Tropical,14.9,0.6,75.6,26.2,164
2024-09-04,São Paulo,Tropical,12.3,0.5,78.8,0.4,170
2024-09-11,São Paulo,Tropical,12.1,5.8,77.7,1.2,87
2024-09-18,São Paulo,Tropical,12.7,2.4,63.9,1.2,26
2024-09-25,São Paulo,Tropical,6.2,0.7,32.5,3.3,173
2024-10-02,São Paulo,Tropical,15.2,3.0,73.2,1.1,100
2024-10-09,São Paulo,Tropical,10.8,6.1,68.0,41.8,177
2024-10-16,São Paulo,Tropical,11.5,0.2,53.8,8.5,119
2024-10-23,São Paulo,Tropical,7.8,24.0,85.7,3.7,126
2024-10-30,São Paulo,Tropical,13.1,4.3,87.0,19.6,121
2024-11-06,São Paulo,Tropical,13.4,6.2,47.7,8.7,162
2024-11-13,São Paulo,Tropical,16.0,2.5,60.3,6.2,160
2024-11-20,São Paulo,Tropical,17.2,13.3,51.9,19.5,176
2024-11-27,São Paulo,Tropical,18.4,2.3,74.4,15.3,170
2024-12-04,São Paulo,Tropical,9.7,0.2,86.0,12.2,121
2024-12-11,São Paulo,Tropical,12.7,7.0,49.8,1.5,137
2024-12-18,São Paulo,Tropical,18.9,19.5,43.6,9.5,147
2024-12-25,São Paulo,Tropical,24.1,0.6,57.1,24.2,147
2020-01-01,Moscow,Continental,6.0,5.5,52.7,8.6,175
2020-01-08,Moscow,Continental,4.8,5.3,78.0,5.7,140
2020-01-15,Moscow,Continental,4.3,2.5,86.6,7.5,122
2020-01-22,Moscow,Continental,11.8,1.0,68.6,8.0,66
2020-01-29,Moscow,Continental,15.9,4.4,58.1,10.7,192
2020-02-05,Moscow,Continental,12.7,2.3,86.3,2.9,87
2020-02-12,Moscow,Continental,16.6,2.7,61.2,3.1,193
2020-02-19,Moscow,Continental,16.6,1.3,77.6,4.5,123
2020-02-26,Moscow,Continental,14.5,1.0,41.9,32.6,133
2020-03-04,Moscow,Continental,15.2,1.1,60.5,0.7,21
2020-03-11,Moscow,Continental,11.1,1.6,62.6,6.9,61
2020-03-18,Moscow,Continental,16.2,0.7,69.4,2.4,68
2020-03-25,Moscow,Continental,18.2,0.5,63.4,1.1,38
2020-04-01,Moscow,Continental,11.6,1.4,46.6,7.7,91
2020-04-08,Moscow,Continental,12.9,0.6,47.1,3.2,152
2020-04-15,Moscow,Continental,18.8,1.6,65.4,27.3,160
2020-04-22,Moscow,Continental,19.3,0.0,55.8,5.2,137
2020-04-29,Moscow,Continental,15.4,1.2,89.5,2.6,188
2020-05-06,Moscow,Continental,10.2,6.2,78.9,23.4,199
2020-05-13,Moscow,Continental,12.2,0.5,79.7,7.7,195
2020-05-20,Moscow,Continental,15.2,2.3,64.2,29.1,55
2020-05-27,Moscow,Continental,8.8,5.4,34.6,7.0,145
2020-06-03,Moscow,Continental,16.9,5.2,52.5,2.8,29
2020-06-10,Moscow,Continental,7.5,0.8,62.2,24.2,187
2020-06-17,Moscow,Continental,7.1,3.1,68.1,7.6,52
2020-06-24,Moscow,Continental,8.7,1.2,60.1,7.4,159
2020-07-01,Moscow,Continental,3.2,0.6,37.2,1.0,103
2020-07-08,Moscow,Continental,3.5,2.7,52.0,0.2,158
2020-07-15,Moscow,Continental,4.8,0.8,37.6,5.4,133
2020-07-22,Moscow,Continental,4.7,2.4,59.6,24.6,144
2020-07-29,Moscow,Continental,3.5,1.2,42.0,3.7,79
2020-08-05,Moscow,Continental,-4.7,0.7,76.2,4.0,57
2020-08-12,Moscow,Continental,0.4,0.4,76.5,1.4,34
2020-08-19,Moscow,Continental,-8.2,0.4,75.9,15.4,195
2020-08-26,Moscow,Continental,-5.4,0.7,38.8,3.4,173
2020-09-02,Moscow,Continental,-0.5,0.5,34.6,16.6,151
2020-09-09,Moscow,Continental,-2.0,0.7,62.5,0.2,89
2020-09-16,Moscow,Continental,-4.6,3.5,78.9,27.3,55
2020-09-23,Moscow,Continental,-2.0,2.1,66.6,6.3,133
2020-09-30,Moscow,Continental,3.8,1.5,63.9,29.7,88
2020-10-07,Moscow,Continental,-2.7,4.2,78.1,28.7,180
2020-10-14,Moscow,Continental,-4.8,3.7,60.3,13.8,115
2020-10-21,Moscow,Continental,-9.6,2.9,59.6,21.3,26
2020-10-28,Moscow,Continental,-7.7,0.9,72.5,4.6,199
2020-11-04,Moscow,Continental,-5.7,1.8,59.6,15.4,27
2020-11-11,Moscow,Continental,1.5,0.5,83.1,9.6,101
2020-11-18,Moscow,Continental,1.0,1.2,34.5,37.9,134
2020-11-25,Moscow,Continental,-2.5,3.3,71.7,14.5,62
2020-12-02,Moscow,Continental,-3.0,1.5,38.3,4.6,115
2020-12-09,Moscow,Continental,2.5,2.4,50.6,11.8,108
2020-12-16,Moscow,Continental,-1.0,1.3,53.0,2.9,119
2020-12-23,Moscow,Continental,2.7,1.0,54.4,8.2,123
2020-12-30,Moscow,Continental,7.3,4.2,42.1,0.8,92
2021-01-06,Moscow,Continental,5.1,3.9,71.2,7.3,44
2021-01-13,Moscow,Continental,8.2,1.1,41.6,3.4,197
2021-01-20,Moscow,Continental,12.5,3.1,64.9,15.2,187
2021-01-27,Moscow,Continental,9.9,4.0,34.8,15.1,45
2021-02-03,Moscow,Continental,16.3,5.1,33.4,0.3,134
2021-02-10,Moscow,Continental,13.9,0.7,64.7,4.7,90
2021-02-17,Moscow,Continental,11.5,1.6,86.9,65.8,106
2021-02-24,Moscow,Continental,8.0,0.2,68.0,3.4,145
2021-03-03,Moscow,Continental,13.7,1.3,31.4,11.6,110
2021-03-10,Moscow,Continental,13.5,3.7,30.7,3.7,196
2021-03-17,Moscow,Continental,10.4,1.5,41.9,7.1,108
2021-03-24,Moscow,Continental,13.4,2.4,33.2,0.6,154
2021-03-31,Moscow,Continental,12.7,1.8,45.9,7.5,64
2021-04-07,Moscow,Continental,14.8,0.0,42.8,9.6,51
2021-04-14,Moscow,Continental,16.5,3.0,47.1,18.6,77
2021-04-21,Moscow,Continental,14.1,0.1,46.4,25.9,190
2021-04-28,Moscow,Continental,10.8,0.7,47.8,12.9,67
2021-05-05,Moscow,Continental,16.4,0.4,38.9,6.1,25
2021-05-12,Moscow,Continental,11.9,1.0,58.6,0.5,124
2021-05-19,Moscow,Continental,10.7,1.7,38.1,1.6,140
2021-05-26,Moscow,Continental,17.2,0.3,41.3,19.6,79
2021-06-02,Moscow,Continental,7.3,2.2,79.5,3.6,52
2021-06-09,Moscow,Continental,12.6,0.0,74.1,6.7,151
2021-06-16,Moscow,Continental,4.3,0.6,72.9,12.8,88
2021-06-23,Moscow,Continental,-0.3,1.3,71.4,21.5,126
2021-06-30,Moscow,Continental,5.8,3.4,88.7,21.2,28
2021-07-07,Moscow,Continental,8.5,2.2,39.6,0.1,67
2021-07-14,Moscow,Continental,-0.1,4.6,67.4,0.1,35
2021-07-21,Moscow,Continental,8.5,0.7,72.6,1.9,196
2021-07-28,Moscow,Continental,0.8,1.4,55.7,31.2,168
2021-08-04,Moscow,Continental,-2.8,6.0,88.8,7.9,129
2021-08-11,Moscow,Continental,-0.7,1.2,35.3,9.4,121
2021-08-18,Moscow,Continental,-4.3,6.4,38.5,3.6,103
2021-08-25,Moscow,Continental,-2.7,1.3,73.2,7.5,135
2021-09-01,Moscow,Continental,-0.8,5.6,70.3,0.8,111
2021-09-08,Moscow,Continental,-9.0,1.2,88.7,1.9,76
2021-09-15,Moscow,Continental,-5.2,3.7,55.1,5.8,92
2021-09-22,Moscow,Continental,-3.1,2.2,66.2,0.7,183
2021-09-29,Moscow,Continental,-8.9,1.3,50.0,1.1,138
2021-10-06,Moscow,Continental,-8.9,0.1,58.2,30.9,66
2021-10-13,Moscow,Continental,-7.8,0.7,86.0,2.9,116
2021-10-20,Moscow,Continental,-0.7,0.2,60.3,11.9,104
2021-10-27,Moscow,Continental,-8.5,2.2,72.6,0.1,173
2021-11-03,Moscow,Continental,-1.9,4.4,59.8,17.4,133
2021-11-10,Moscow,Continental,-0.8,0.9,72.8,1.7,49
2021-11-17,Moscow,Continental,-4.9,0.1,43.3,3.2,153
2021-11-24,Moscow,Continental,-1.7,0.1,60.6,6.1,171
2021-12-01,Moscow,Continental,-3.4,3.1,60.6,1.4,131
2021-12-08,Moscow,Continental,4.0,0.3,84.9,0.7,157
2021-12-15,Moscow,Continental,5.4,0.6,53.9,0.2,58
2021-12-22,Moscow,Continental,1.5,1.3,51.5,17.6,151
2021-12-29,Moscow,Continental,6.8,1.4,42.3,13.4,132
2022-01-05,Moscow,Continental,-1.3,1.2,88.3,19.0,120
2022-01-12,Moscow,Continental,4.6,2.3,86.3,12.8,58
2022-01-19,Moscow,Continental,3.3,1.3,85.1,4.9,179
2022-01-26,Moscow,Continental,7.6,0.8,65.7,20.6,142
2022-02-02,Moscow,Continental,11.8,0.7,84.8,3.2,22
2022-02-09,Moscow,Continental,14.0,5.0,66.2,16.2,182
2022-02-16,Moscow,Continental,12.9,0.8,37.9,4.7,168
2022-02-23,Moscow,Continental,1.9,1.1,80.0,43.6,72
2022-03-02,Moscow,Continental,17.0,6.2,58.7,12.0,43
2022-03-09,Moscow,Continental,23.5,1.7,86.7,2.2,85
2022-03-16,Moscow,Continental,12.6,4.1,51.5,9.2,189
2022-03-23,Moscow,Continental,10.3,0.1,43.2,12.2,112
2022-03-30,Moscow,Continental,16.5,2.3,69.0,5.5,139
2022-04-06,Moscow,Continental,23.0,0.3,60.8,8.8,167
2022-04-13,Moscow,Continental,15.1,0.0,48.8,17.1,32
2022-04-20,Moscow,Continental,8.3,6.6,57.7,5.3,194
2022-04-27,Moscow,Continental,17.3,6.8,56.3,5.0,69
2022-05-04,Moscow,Continental,12.3,2.9,42.4,23.0,183
2022-05-11,Moscow,Continental,12.0,0.5,42.0,7.1,139
2022-05-18,Moscow,Continental,9.2,3.2,50.8,1.9,65
2022-05-25,Moscow,Continental,7.6,0.5,68.9,5.5,160
2022-06-01,Moscow,Continental,10.0,1.3,31.0,13.2,90
2022-06-08,Moscow,Continental,10.5,2.9,57.7,12.5,24
2022-06-15,Moscow,Continental,5.4,0.6,39.8,4.1,76
2022-06-22,Moscow,Continental,3.5,1.2,46.1,18.5,153
2022-06-29,Moscow,Continental,6.1,1.1,73.6,7.1,92
2022-07-06,Moscow,Continental,7.3,0.0,32.0,19.1,99
2022-07-13,Moscow,Continental,-1.2,2.2,50.9,11.1,146
2022-07-20,Moscow,Continental,-0.4,1.4,76.1,2.5,81
2022-07-27,Moscow,Continental,-0.1,9.6,41.8,8.6,78
2022-08-03,Moscow,Continental,1.4,2.9,89.2,2.0,132
2022-08-10,Moscow,Continental,-5.0,0.8,40.5,5.5,166
2022-08-17,Moscow,Continental,1.7,0.6,32.1,5.3,119
2022-08-24,Moscow,Continental,6.0,0.9,53.6,11.9,128
2022-08-31,Moscow,Continental,0.1,0.1,30.1,0.8,103
2022-09-07,Moscow,Continental,-0.1,1.5,30.9,3.1,49
2022-09-14,Moscow,Continental,-2.5,5.4,49.6,1.5,84
2022-09-21,Moscow,Continental,-3.7,3.1,42.0,1.4,44
2022-09-28,Moscow,Continental,-2.9,2.0,89.2,7.6,183
2022-10-05,Moscow,Continental,-2.5,2.2,31.9,0.9,147
2022-10-12,Moscow,Continental,-4.7,1.8,57.6,4.5,98
2022-10-19,Moscow,Continental,-4.1,2.0,75.1,11.3,35
2022-10-26,Moscow,Continental,-3.5,1.0,51.9,0.1,98
2022-11-02,Moscow,Continental,-0.6,4.5,39.8,54.1,136
2022-11-09,Moscow,Continental,-4.6,0.3,89.8,15.5,193
2022-11-16,Moscow,Continental,1.6,0.7,72.6,1.2,84
2022-11-23,Moscow,Continental,4.1,3.6,87.0,20.4,149
2022-11-30,Moscow,Continental,0.5,1.6,49.9,1.7,120
2022-12-07,Moscow,Continental,3.7,2.2,88.7,13.0,56
2022-12-14,Moscow,Continental,-4.0,1.1,41.8,24.2,59
2022-12-21,Moscow,Continental,1.2,2.5,64.8,1.9,44
2022-12-28,Moscow,Continental,6.4,1.1,76.7,13.3,177
2023-01-04,Moscow,Continental,10.6,0.9,86.2,0.6,99
2023-01-11,Moscow,Continental,1.1,0.9,46.7,2.0,67
2023-01-18,Moscow,Continental,11.2,0.2,78.7,12.7,99
2023-01-25,Moscow,Continental,6.2,3.2,88.1,8.5,45
2023-02-01,Moscow,Continental,10.1,0.3,63.5,24.9,76
2023-02-08,Moscow,Continental,10.6,0.0,40.1,0.3,75
2023-02-15,Moscow,Continental,11.6,0.3,45.8,29.5,34
2023-02-22,Moscow,Continental,17.8,1.1,46.7,20.4,187
2023-03-01,Moscow,Continental,20.3,0.5,64.7,10.4,20
2023-03-08,Moscow,Continental,15.2,3.6,83.6,17.3,180
2023-03-15,Moscow,Continental,14.2,3.1,67.2,0.9,64
2023-03-22,Moscow,Continental,16.4,2.3,41.9,0.8,43
2023-03-29,Moscow,Continental,11.2,0.6,49.9,3.1,47
2023-04-05,Moscow,Continental,17.9,1.3,64.1,26.3,198
2023-04-12,Moscow,Continental,10.6,0.4,51.0,13.5,170
2023-04-19,Moscow,Continental,12.6,2.2,44.0,8.9,196
2023-04-26,Moscow,Continental,15.7,0.0,51.7,13.4,133
2023-05-03,Moscow,Continental,14.7,0.2,75.0,1.5,94
2023-05-10,Moscow,Continental,16.5,5.4,75.0,18.5,117
2023-05-17,Moscow,Continental,12.8,1.3,79.8,30.1,38
2023-05-24,Moscow,Continental,14.7,0.7,84.6,20.4,195
2023-05-31,Moscow,Continental,5.2,0.5,58.8,11.3,193
2023-06-07,Moscow,Continental,9.6,5.9,59.1,23.7,36
2023-06-14,Moscow,Continental,5.7,3.9,83.9,29.3,123
2023-06-21,Moscow,Continental,10.1,0.4,84.9,13.9,102
2023-06-28,Moscow,Continental,8.2,4.0,31.9,10.3,63
2023-07-05,Moscow,Continental,6.7,1.3,31.9,9.8,139
2023-07-12,Moscow,Continental,8.0,0.0,44.4,1.1,113
2023-07-19,Moscow,Continental,6.4,5.5,65.5,0.1,163
2023-07-26,Moscow,Continental,2.7,4.9,83.6,10.6,169
2023-08-02,Moscow,Continental,-0.1,7.4,67.0,27.5,45
2023-08-09,Moscow,Continental,-6.4,0.8,83.6,3.4,49
2023-08-16,Moscow,Continental,-1.9,10.0,30.7,3.6,114
2023-08-23,Moscow,Continental,0.5,2.9,67.2,2.6,182
2023-08-30,Moscow,Continental,-3.4,4.5,83.1,12.0,74
2023-09-06,Moscow,Continental,-4.6,1.1,61.5,6.5,128
2023-09-13,Moscow,Continental,-3.1,4.9,62.2,13.0,72
2023-09-20,Moscow,Continental,-6.2,1.9,72.2,6.0,35
2023-09-27,Moscow,Continental,-1.6,1.4,83.6,27.5,184
2023-10-04,Moscow,Continental,-2.6,0.4,35.2,4.1,181
2023-10-11,Moscow,Continental,-6.8,7.7,65.3,8.1,43
2023-10-18,Moscow,Continental,-4.8,1.4,31.9,9.5,100
2023-10-25,Moscow,Continental,0.3,0.5,43.3,1.8,143
2023-11-01,Moscow,Continental,-5.0,1.3,88.7,33.7,93
2023-11-08,Moscow,Continental,-5.6,0.6,61.9,9.3,91
2023-11-15,Moscow,Continental,-5.3,8.0,50.3,12.1,105
2023-11-22,Moscow,Continental,0.4,2.2,68.0,6.2,192
2023-11-29,Moscow,Continental,-6.4,0.1,72.3,6.8,97
2023-12-06,Moscow,Continental,3.2,2.7,85.0,31.7,46
2023-12-13,Moscow,Continental,-1.6,9.3,71.0,10.3,126
2023-12-20,Moscow,Continental,6.7,1.8,70.9,50.4,188
2023-12-27,Moscow,Continental,4.2,1.2,37.4,6.7,177
2024-01-03,Moscow,Continental,7.1,0.1,48.4,3.4,155
2024-01-10,Moscow,Continental,9.6,5.2,53.9,9.8,97
2024-01-17,Moscow,Continental,8.3,1.3,40.6,6.5,195
2024-01-24,Moscow,Continental,9.5,0.1,77.7,5.4,137
2024-01-31,Moscow,Continental,11.0,3.6,63.2,9.6,159
2024-02-07,Moscow,Continental,10.5,1.1,61.1,0.3,196
2024-02-14,Moscow,Continental,6.6,1.4,57.5,7.3,113
2024-02-21,Moscow,Continental,10.0,0.4,33.9,14.4,141
2024-02-28,Moscow,Continental,5.9,1.2,54.7,7.7,36
2024-03-06,Moscow,Continental,10.2,0.9,68.4,6.8,70
2024-03-13,Moscow,Continental,10.6,0.0,61.2,11.4,67
2024-03-20,Moscow,Continental,13.9,1.2,74.6,42.5,174
2024-03-27,Moscow,Continental,13.1,1.5,40.3,3.6,125
2024-04-03,Moscow,Continental,12.9,1.1,87.7,12.8,99
2024-04-10,Moscow,Continental,15.5,0.8,37.1,8.4,96
2024-04-17,Moscow,Continental,14.8,7.5,72.0,7.0,103
2024-04-24,Moscow,Continental,11.5,2.3,73.5,33.5,192
2024-05-01,Moscow,Continental,13.9,4.0,67.9,6.4,132
2024-05-08,Moscow,Continental,11.2,0.6,60.8,4.0,46
2024-05-15,Moscow,Continental,13.9,2.1,57.1,34.6,191
2024-05-22,Moscow,Continental,9.2,3.6,46.5,7.9,176
2024-05-29,Moscow,Continental,13.7,1.4,50.2,13.0,172
2024-06-05,Moscow,Continental,11.2,0.0,65.3,7.0,100
2024-06-12,Moscow,Continental,7.7,2.3,70.8,11.1,84
2024-06-19,Moscow,Continental,6.5,3.4,66.7,15.1,152
2024-06-26,Moscow,Continental,4.3,1.4,32.5,8.8,68
2024-07-03,Moscow,Continental,3.2,1.1,54.6,4.7,100
2024-07-10,Moscow,Continental,6.6,2.8,70.0,47.6,91
2024-07-17,Moscow,Continental,-0.5,1.9,38.6,7.4,153
2024-07-24,Moscow,Continental,0.6,4.3,64.6,4.4,72
2024-07-31,Moscow,Continental,-1.3,3.7,84.7,17.2,49
2024-08-07,Moscow,Continental,-1.4,12.3,45.5,12.9,101
2024-08-14,Moscow,Continental,-5.0,0.7,84.8,2.1,72
2024-08-21,Moscow,Continental,2.7,2.5,61.9,6.5,127
2024-08-28,Moscow,Continental,0.6,0.6,55.3,15.4,122
2024-09-04,Moscow,Continental,-5.1,0.1,78.7,3.6,168
2024-09-11,Moscow,Continental,-2.0,0.9,50.0,0.4,127
2024-09-18,Moscow,Continental,-9.3,3.1,45.0,5.4,103
2024-09-25,Moscow,Continental,-7.1,2.7,88.1,6.1,183
2024-10-02,Moscow,Continental,-9.7,4.7,56.1,6.7,109
2024-10-09,Moscow,Continental,-4.9,1.5,42.1,3.4,187
2024-10-16,Moscow,Continental,-5.4,1.3,49.0,9.7,137
2024-10-23,Moscow,Continental,-6.6,2.0,82.8,21.9,54
2024-10-30,Moscow,Continental,-4.4,4.0,30.1,4.8,47
2024-11-06,Moscow,Continental,0.8,1.9,51.9,23.5,188
2024-11-13,Moscow,Continental,-7.2,0.4,37.9,9.0,118
2024-11-20,Moscow,Continental,-1.2,3.4,76.6,15.5,29
2024-11-27,Moscow,Continental,-4.4,0.6,81.7,22.4,182
2024-12-04,Moscow,Continental,-0.1,0.7,64.1,2.8,136
2024-12-11,Moscow,Continental,2.5,2.1,62.7,0.5,93
2024-12-18,Moscow,Continental,-0.0,1.1,67.6,3.4,57
2024-12-25,Moscow,Continental,-0.9,0.7,39.5,2.2,181
2020-01-01,Lagos,Tropical,33.8,4.2,32.5,1.9,188
2020-01-08,Lagos,Tropical,30.2,7.9,77.1,2.7,87
2020-01-15,Lagos,Tropical,31.0,2.7,63.6,2.1,57
2020-01-22,Lagos,Tropical,34.4,3.3,74.7,2.3,57
2020-01-29,Lagos,Tropical,38.5,9.4,52.6,3.5,142
2020-02-05,Lagos,Tropical,33.5,0.4,68.5,6.4,181
2020-02-12,Lagos,Tropical,40.5,2.5,56.0,1.6,163
2020-02-19,Lagos,Tropical,40.1,13.4,67.4,4.2,75
2020-02-26,Lagos,Tropical,41.1,2.5,70.6,6.5,44
2020-03-04,Lagos,Tropical,36.0,0.0,66.0,3.3,186
2020-03-11,Lagos,Tropical,34.5,2.3,31.2,7.4,184
2020-03-18,Lagos,Tropical,38.9,3.7,88.4,24.2,73
2020-03-25,Lagos,Tropical,40.9,1.0,36.2,0.5,69
2020-04-01,Lagos,Tropical,40.4,4.9,80.4,11.5,70
2020-04-08,Lagos,Tropical,42.5,2.0,59.9,31.8,166
2020-04-15,Lagos,Tropical,39.4,6.9,45.1,5.4,88
2020-04-22,Lagos,Tropical,34.9,1.4,30.5,2.7,120
2020-04-29,Lagos,Tropical,42.0,6.2,48.2,7.1,117
2020-05-06,Lagos,Tropical,33.2,0.2,32.2,0.3,76
2020-05-13,Lagos,Tropical,39.6,3.8,33.7,14.5,74
2020-05-20,Lagos,Tropical,34.8,1.5,78.5,1.8,192
2020-05-27,Lagos,Tropical,36.2,2.9,68.8,6.8,28
2020-06-03,Lagos,Tropical,39.6,6.1,62.1,11.4,57
2020-06-10,Lagos,Tropical,34.4,0.5,37.6,17.5,118
2020-06-17,Lagos,Tropical,30.1,11.1,31.8,13.8,57
2020-06-24,Lagos,Tropical,31.5,9.6,53.9,3.6,40
2020-07-01,Lagos,Tropical,28.0,4.1,58.7,1.1,132
2020-07-08,Lagos,Tropical,27.9,7.3,84.3,5.3,168
2020-07-15,Lagos,Tropical,26.3,0.9,56.1,5.1,81
2020-07-22,Lagos,Tropical,28.6,0.7,69.0,0.8,46
2020-07-29,Lagos,Tropical,19.7,0.0,41.4,28.3,192
2020-08-05,Lagos,Tropical,26.6,29.4,61.5,7.9,147
2020-08-12,Lagos,Tropical,20.1,2.1,57.6,2.1,40
2020-08-19,Lagos,Tropical,20.0,1.6,57.0,10.6,67
2020-08-26,Lagos,Tropical,19.1,2.4,83.7,0.1,71
2020-09-02,Lagos,Tropical,19.4,3.8,49.3,0.8,57
2020-09-09,Lagos,Tropical,21.9,3.3,63.8,9.0,153
2020-09-16,Lagos,Tropical,19.4,0.1,50.1,2.0,119
2020-09-23,Lagos,Tropical,19.9,1.1,42.5,10.8,96
2020-09-30,Lagos,Tropical,17.3,2.0,85.4,5.4,114
2020-10-07,Lagos,Tropical,21.2,10.2,62.2,13.9,110
2020-10-14,Lagos,Tropical,22.0,13.3,65.6,16.1,47
2020-10-21,Lagos,Tropical,19.3,1.7,66.9,23.3,34
2020-10-28,Lagos,Tropical,18.0,2.5,48.2,12.5,137
2020-11-04,Lagos,Tropical,22.2,4.0,74.5,2.5,21
2020-11-11,Lagos,Tropical,18.2,2.3,87.6,5.9,174
2020-11-18,Lagos,Tropical,26.2,0.9,55.2,6.6,163
2020-11-25,Lagos,Tropical,26.7,3.8,47.4,11.6,95
2020-12-02,Lagos,Tropical,26.7,8.8,80.7,8.4,120
2020-12-09,Lagos,Tropical,27.0,4.6,40.8,7.8,43
2020-12-16,Lagos,Tropical,33.8,3.2,32.9,21.4,21
2020-12-23,Lagos,Tropical,23.7,6.2,55.4,10.5,137
2020-12-30,Lagos,Tropical,28.3,12.0,42.9,2.3,103
2021-01-06,Lagos,Tropical,31.9,1.3,74.9,5.7,103
2021-01-13,Lagos,Tropical,34.0,4.6,30.9,4.4,105
2021-01-20,Lagos,Tropical,33.6,12.9,36.2,4.9,27
2021-01-27,Lagos,Tropical,36.9,0.4,87.3,2.1,122
2021-02-03,Lagos,Tropical,32.7,10.5,34.3,0.3,74
2021-02-10,Lagos,Tropical,34.1,1.0,56.6,1.8,81
2021-02-17,Lagos,Tropical,41.6,0.5,65.4,9.8,181
2021-02-24,Lagos,Tropical,36.7,5.4,49.0,13.9,133
2021-03-03,Lagos,Tropical,39.5,7.2,88.4,0.4,44
2021-03-10,Lagos,Tropical,41.6,1.3,60.5,21.9,142
2021-03-17,Lagos,Tropical,36.3,9.5,39.9,13.1,146
2021-03-24,Lagos,Tropical,40.0,0.1,66.2,1.6,133
2021-03-31,Lagos,Tropical,41.1,2.3,42.6,15.0,158
2021-04-07,Lagos,Tropical,39.9,2.5,66.7,0.5,115
2021-04-14,Lagos,Tropical,36.2,3.7,57.1,8.7,63
2021-04-21,Lagos,Tropical,38.3,3.6,45.7,12.8,176
2021-04-28,Lagos,Tropical,40.1,1.7,75.1,0.3,144
2021-05-05,Lagos,Tropical,36.0,6.2,32.9,5.2,123
2021-05-12,Lagos,Tropical,41.3,6.7,45.1,3.0,100
2021-05-19,Lagos,Tropical,31.5,3.3,65.8,6.4,137
2021-05-26,Lagos,Tropical,39.1,7.4,30.1,22.0,195
2021-06-02,Lagos,Tropical,37.2,1.1,87.5,7.0,150
2021-06-09,Lagos,Tropical,35.8,1.9,51.6,11.1,193
2021-06-16,Lagos,Tropical,33.7,9.9,60.5,5.7,83
2021-06-23,Lagos,Tropical,30.8,8.6,37.8,1.9,84
2021-06-30,Lagos,Tropical,26.7,0.1,72.0,10.4,89
2021-07-07,Lagos,Tropical,31.5,3.7,86.8,9.0,117
2021-07-14,Lagos,Tropical,29.0,7.5,49.3,4.4,182
2021-07-21,Lagos,Tropical,21.1,9.0,72.3,8.6,136
2021-07-28,Lagos,Tropical,24.6,3.4,33.3,30.9,141
2021-08-04,Lagos,Tropical,20.5,8.5,69.3,7.1,188
2021-08-11,Lagos,Tropical,18.9,0.6,51.8,2.9,193
2021-08-18,Lagos,Tropical,23.1,8.0,32.6,8.4,153
2021-08-25,Lagos,Tropical,20.9,9.6,58.3,20.3,134
2021-09-01,Lagos,Tropical,27.7,4.0,35.8,1.4,154
2021-09-08,Lagos,Tropical,20.8,2.3,67.6,15.8,176
2021-09-15,Lagos,Tropical,18.3,4.1,72.5,1.4,98
2021-09-22,Lagos,Tropical,13.8,3.1,37.0,11.2,165
2021-09-29,Lagos,Tropical,24.0,7.0,61.5,4.6,77
2021-10-06,Lagos,Tropical,17.4,9.0,54.3,32.7,37
2021-10-13,Lagos,Tropical,22.7,0.4,53.2,9.2,191
2021-10-20,Lagos,Tropical,22.7,1.3,73.9,3.0,177
2021-10-27,Lagos,Tropical,24.8,5.9,80.6,6.6,52
2021-11-03,Lagos,Tropical,21.4,0.7,87.3,16.1,98
2021-11-10,Lagos,Tropical,16.5,4.4,77.4,10.7,23
2021-11-17,Lagos,Tropical,20.9,2.7,80.5,2.6,94
2021-11-24,Lagos,Tropical,16.6,2.8,78.4,3.5,134
2021-12-01,Lagos,Tropical,32.5,1.6,73.0,9.0,101
2021-12-08,Lagos,Tropical,25.8,0.1,58.9,5.4,133
2021-12-15,Lagos,Tropical,26.4,4.3,82.4,19.9,74
2021-12-22,Lagos,Tropical,32.0,1.8,65.1,5.5,112
2021-12-29,Lagos,Tropical,29.8,5.4,48.7,3.9,196
2022-01-05,Lagos,Tropical,30.3,14.9,79.5,4.3,141
2022-01-12,Lagos,Tropical,33.6,1.3,34.9,20.8,111
2022-01-19,Lagos,Tropical,31.4,13.0,39.8,5.2,181
2022-01-26,Lagos,Tropical,33.0,3.7,59.1,4.4,81
2022-02-02,Lagos,Tropical,37.9,2.4,40.4,24.4,185
2022-02-09,Lagos,Tropical,33.1,2.5,86.8,2.8,183
2022-02-16,Lagos,Tropical,38.9,6.7,56.9,27.7,71
2022-02-23,Lagos,Tropical,41.5,1.5,75.5,8.2,95
2022-03-02,Lagos,Tropical,35.6,2.2,48.0,2.4,23
2022-03-09,Lagos,Tropical,39.8,1.5,78.1,0.7,27
2022-03-16,Lagos,Tropical,36.5,9.5,58.8,20.4,91
2022-03-23,Lagos,Tropical,40.5,1.5,63.8,7.6,111
2022-03-30,Lagos,Tropical,41.3,4.0,60.4,2.5,94
2022-04-06,Lagos,Tropical,40.4,10.5,70.6,4.4,167
2022-04-13,Lagos,Tropical,41.2,1.4,82.6,5.0,29
2022-04-20,Lagos,Tropical,39.7,1.1,83.5,0.3,170
2022-04-27,Lagos,Tropical,42.4,6.1,32.5,23.7,104
2022-05-04,Lagos,Tropical,35.8,6.1,59.4,2.1,128
2022-05-11,Lagos,Tropical,37.5,2.7,35.1,1.0,161
2022-05-18,Lagos,Tropical,32.6,12.9,76.5,8.5,71
2022-05-25,Lagos,Tropical,37.9,1.5,37.3,28.5,58
2022-06-01,Lagos,Tropical,30.8,0.9,31.4,1.4,52
2022-06-08,Lagos,Tropical,28.8,10.0,37.9,9.1,145
2022-06-15,Lagos,Tropical,34.7,0.9,73.1,14.1,111
2022-06-22,Lagos,Tropical,32.1,9.9,78.8,0.3,172
2022-06-29,Lagos,Tropical,29.7,1.3,63.1,4.4,191
2022-07-06,Lagos,Tropical,27.7,2.3,32.7,3.6,167
2022-07-13,Lagos,Tropical,28.1,6.8,43.0,0.6,182
2022-07-20,Lagos,Tropical,26.0,2.0,52.9,9.6,55
2022-07-27,Lagos,Tropical,30.4,0.6,76.1,11.7,154
2022-08-03,Lagos,Tropical,24.2,7.9,32.4,4.0,34
2022-08-10,Lagos,Tropical,27.1,8.8,73.9,45.4,163
2022-08-17,Lagos,Tropical,19.7,10.4,76.0,4.5,25
2022-08-24,Lagos,Tropical,19.5,5.0,31.4,22.8,195
2022-08-31,Lagos,Tropical,16.3,5.1,42.6,0.3,159
2022-09-07,Lagos,Tropical,23.9,13.2,61.7,14.0,139
2022-09-14,Lagos,Tropical,21.0,6.9,42.3,4.6,79
2022-09-21,Lagos,Tropical,24.2,11.6,60.5,5.3,53
2022-09-28,Lagos,Tropical,24.0,1.7,49.4,11.4,25
2022-10-05,Lagos,Tropical,17.2,1.5,69.6,4.5,106
2022-10-12,Lagos,Tropical,13.8,7.3,86.5,2.4,147
2022-10-19,Lagos,Tropical,21.1,0.8,39.6,0.1,50
2022-10-26,Lagos,Tropical,18.7,9.6,31.3,9.4,191
2022-11-02,Lagos,Tropical,16.9,4.9,40.7,14.1,64
2022-11-09,Lagos,Tropical,21.0,16.0,34.3,8.7,129
2022-11-16,Lagos,Tropical,24.5,2.0,62.0,0.6,70
2022-11-23,Lagos,Tropical,25.8,3.3,35.2,18.5,107
2022-11-30,Lagos,Tropical,23.0,4.1,65.6,4.7,30
2022-12-07,Lagos,Tropical,22.6,18.9,68.5,0.3,166
2022-12-14,Lagos,Tropical,28.7,4.2,53.0,3.9,130
2022-12-21,Lagos,Tropical,24.7,3.8,85.1,11.6,141
2022-12-28,Lagos,Tropical,26.2,1.2,67.3,1.4,66
2023-01-04,Lagos,Tropical,31.7,9.0,49.6,6.7,194
2023-01-11,Lagos,Tropical,39.0,8.6,75.7,44.2,88
2023-01-18,Lagos,Tropical,33.8,12.4,76.6,2.6,146
2023-01-25,Lagos,Tropical,36.5,1.7,33.4,0.5,197
2023-02-01,Lagos,Tropical,33.7,2.8,56.5,0.7,69
2023-02-08,Lagos,Tropical,36.2,6.0,46.3,3.5,166
2023-02-15,Lagos,Tropical,34.3,0.1,68.2,5.0,110
2023-02-22,Lagos,Tropical,35.3,4.9,41.2,7.1,147
2023-03-01,Lagos,Tropical,39.3,10.4,57.7,3.3,86
2023-03-08,Lagos,Tropical,47.0,2.1,70.1,2.6,57
2023-03-15,Lagos,Tropical,39.7,3.2,51.1,4.5,185
2023-03-22,Lagos,Tropical,45.1,11.4,84.1,4.0,177
2023-03-29,Lagos,Tropical,41.3,4.2,52.0,17.7,155
2023-04-05,Lagos,Tropical,37.1,1.8,66.7,5.8,98
2023-04-12,Lagos,Tropical,37.0,4.5,42.5,3.9,120
2023-04-19,Lagos,Tropical,39.2,0.8,35.4,8.3,131
2023-04-26,Lagos,Tropical,39.7,1.4,82.0,5.7,54
2023-05-03,Lagos,Tropical,42.2,7.2,45.7,2.8,39
2023-05-10,Lagos,Tropical,39.1,11.2,68.0,2.5,77
2023-05-17,Lagos,Tropical,36.6,2.9,72.4,8.9,85
2023-05-24,Lagos,Tropical,37.5,4.0,73.8,0.4,83
2023-05-31,Lagos,Tropical,37.8,1.8,54.6,4.3,97
2023-06-07,Lagos,Tropical,32.6,1.1,62.9,1.2,161
2023-06-14,Lagos,Tropical,34.3,0.4,36.5,7.1,35
2023-06-21,Lagos,Tropical,29.5,0.3,38.6,18.2,54
2023-06-28,Lagos,Tropical,27.6,2.2,86.8,9.2,50
2023-07-05,Lagos,Tropical,36.1,1.3,32.8,29.0,53
2023-07-12,Lagos,Tropical,25.2,7.3,34.1,17.5,148
2023-07-19,Lagos,Tropical,28.2,0.8,83.2,13.1,164
2023-07-26,Lagos,Tropical,16.3,0.9,65.4,13.6,35
2023-08-02,Lagos,Tropical,25.6,2.5,40.2,4.8,31
2023-08-09,Lagos,Tropical,23.8,0.6,56.3,18.5,73
2023-08-16,Lagos,Tropical,27.2,6.4,41.1,33.3,98
2023-08-23,Lagos,Tropical,26.0,0.7,36.6,25.5,130
2023-08-30,Lagos,Tropical,22.7,1.9,32.2,4.5,151
2023-09-06,Lagos,Tropical,18.9,1.4,73.7,5.4,195
2023-09-13,Lagos,Tropical,24.4,1.5,38.3,2.5,57
2023-09-20,Lagos,Tropical,19.8,0.7,46.4,2.1,182
2023-09-27,Lagos,Tropical,17.9,3.1,43.7,2.2,21
2023-10-04,Lagos,Tropical,17.1,0.1,73.5,4.3,80
2023-10-11,Lagos,Tropical,15.6,0.2,79.1,45.9,85
2023-10-18,Lagos,Tropical,23.9,7.8,45.2,14.4,150
2023-10-25,Lagos,Tropical,25.6,1.6,56.9,21.5,58
2023-11-01,Lagos,Tropical,24.5,2.7,80.4,8.9,24
2023-11-08,Lagos,Tropical,21.7,3.4,83.4,18.7,29
2023-11-15,Lagos,Tropical,22.2,0.4,35.9,5.4,43
2023-11-22,Lagos,Tropical,20.8,5.7,64.8,9.0,31
2023-11-29,Lagos,Tropical,30.3,1.5,86.5,7.6,149
2023-12-06,Lagos,Tropical,26.7,0.4,65.7,8.9,87
2023-12-13,Lagos,Tropical,24.5,2.0,78.5,1.4,132
2023-12-20,Lagos,Tropical,21.8,8.5,60.5,6.8,195
2023-12-27,Lagos,Tropical,30.0,1.8,62.7,2.5,86
2024-01-03,Lagos,Tropical,31.4,5.0,63.3,12.2,108
2024-01-10,Lagos,Tropical,30.0,8.8,46.0,3.3,156
2024-01-17,Lagos,Tropical,37.1,2.6,89.2,1.1,167
2024-01-24,Lagos,Tropical,33.5,4.1,38.6,8.1,108
2024-01-31,Lagos,Tropical,30.4,2.5,46.8,26.8,136
2024-02-07,Lagos,Tropical,37.3,1.2,81.5,0.6,188
2024-02-14,Lagos,Tropical,34.6,2.8,72.2,2.0,128
2024-02-21,Lagos,Tropical,34.9,2.7,45.8,0.7,75
2024-02-28,Lagos,Tropical,39.1,0.9,54.2,4.2,157
2024-03-06,Lagos,Tropical,41.0,6.4,71.4,34.5,40
2024-03-13,Lagos,Tropical,39.8,7.7,62.8,7.9,144
2024-03-20,Lagos,Tropical,36.8,3.1,71.8,60.1,135
2024-03-27,Lagos,Tropical,39.9,5.6,50.5,7.8,51
2024-04-03,Lagos,Tropical,42.7,4.9,30.2,26.8,176
2024-04-10,Lagos,Tropical,28.6,6.7,67.7,4.7,183
2024-04-17,Lagos,Tropical,44.4,3.5,78.2,12.5,141
2024-04-24,Lagos,Tropical,37.0,2.1,45.1,8.6,195
2024-05-01,Lagos,Tropical,37.8,9.5,84.4,7.1,43
2024-05-08,Lagos,Tropical,35.1,6.2,80.0,1.3,31
2024-05-15,Lagos,Tropical,30.6,3.6,86.7,7.9,132
2024-05-22,Lagos,Tropical,32.0,4.2,72.7,18.4,33
2024-05-29,Lagos,Tropical,35.8,1.3,50.3,6.7,115
2024-06-05,Lagos,Tropical,39.0,9.4,54.8,2.9,77
2024-06-12,Lagos,Tropical,32.2,4.5,41.3,21.9,193
2024-06-19,Lagos,Tropical,29.6,1.6,56.6,0.9,58
2024-06-26,Lagos,Tropical,25.5,3.4,60.1,0.2,186
2024-07-03,Lagos,Tropical,31.5,6.3,68.4,10.9,71
2024-07-10,Lagos,Tropical,31.0,3.7,61.7,32.6,169
2024-07-17,Lagos,Tropical,26.0,2.0,47.7,20.6,23
2024-07-24,Lagos,Tropical,24.0,6.0,45.5,25.6,130
2024-07-31,Lagos,Tropical,23.6,9.1,87.0,16.4,32
2024-08-07,Lagos,Tropical,24.8,13.9,37.7,0.9,118
2024-08-14,Lagos,Tropical,25.5,11.7,44.3,2.3,179
2024-08-21,Lagos,Tropical,21.7,12.5,38.4,8.0,44
2024-08-28,Lagos,Tropical,21.3,0.3,33.0,1.2,157
2024-09-04,Lagos,Tropical,20.7,2.1,55.1,26.4,94
2024-09-11,Lagos,Tropical,25.3,6.0,31.3,19.4,57
2024-09-18,Lagos,Tropical,22.0,0.7,79.3,7.0,93
2024-09-25,Lagos,Tropical,21.5,0.5,51.1,5.2,133
2024-10-02,Lagos,Tropical,18.5,4.3,34.4,1.9,69
2024-10-09,Lagos,Tropical,23.5,0.3,40.1,6.1,162
2024-10-16,Lagos,Tropical,22.6,11.1,84.8,2.4,143
2024-10-23,Lagos,Tropical,14.1,2.2,64.5,17.9,70
2024-10-30,Lagos,Tropical,22.3,24.3,53.8,5.4,100
2024-11-06,Lagos,Tropical,23.5,4.3,51.9,0.8,181
2024-11-13,Lagos,Tropical,22.8,1.6,86.9,6.2,141
2024-11-20,Lagos,Tropical,18.8,7.1,35.9,5.9,173
2024-11-27,Lagos,Tropical,26.2,7.4,85.7,3.0,122
2024-12-04,Lagos,Tropical,20.7,0.9,37.0,2.0,46
2024-12-11,Lagos,Tropical,23.8,2.1,38.9,10.1,151
2024-12-18,Lagos,Tropical,27.9,28.6,52.5,9.1,119
2024-12-25,Lagos,Tropical,29.2,4.1,53.0,3.1,140
2020-01-01,Bangkok,Tropical,31.1,0.4,71.7,2.9,45
2020-01-08,Bangkok,Tropical,35.8,0.3,31.1,36.5,46
2020-01-15,Bangkok,Tropical,36.9,6.8,37.6,1.1,181
2020-01-22,Bangkok,Tropical,27.9,6.0,84.3,16.4,96
2020-01-29,Bangkok,Tropical,36.5,4.9,68.7,12.5,174
2020-02-05,Bangkok,Tropical,39.3,1.9,89.7,0.4,40
2020-02-12,Bangkok,Tropical,43.0,0.0,32.6,2.8,179
2020-02-19,Bangkok,Tropical,44.2,4.4,86.2,20.2,73
2020-02-26,Bangkok,Tropical,39.0,9.1,84.6,7.1,128
2020-03-04,Bangkok,Tropical,42.0,3.0,69.7,12.3,174
2020-03-11,Bangkok,Tropical,44.1,0.1,31.3,0.1,162
2020-03-18,Bangkok,Tropical,40.6,1.2,48.3,37.0,111
2020-03-25,Bangkok,Tropical,38.7,6.2,35.7,13.2,167
2020-04-01,Bangkok,Tropical,37.0,5.1,79.1,0.1,33
2020-04-08,Bangkok,Tropical,47.5,6.6,65.2,6.0,179
2020-04-15,Bangkok,Tropical,41.3,0.7,53.7,1.9,113
2020-04-22,Bangkok,Tropical,36.7,1.6,70.0,22.6,185
2020-04-29,Bangkok,Tropical,41.8,0.3,31.8,1.1,142
2020-05-06,Bangkok,Tropical,38.4,1.8,75.4,5.7,199
2020-05-13,Bangkok,Tropical,39.7,4.2,43.3,14.1,119
2020-05-20,Bangkok,Tropical,33.7,0.5,55.8,8.8,131
2020-05-27,Bangkok,Tropical,39.3,1.7,50.4,27.5,41
2020-06-03,Bangkok,Tropical,38.1,0.2,57.2,16.2,125
2020-06-10,Bangkok,Tropical,37.2,5.0,80.6,3.0,27
2020-06-17,Bangkok,Tropical,35.5,4.8,56.1,5.6,140
2020-06-24,Bangkok,Tropical,34.9,10.6,75.5,8.3,32
2020-07-01,Bangkok,Tropical,30.9,2.6,63.9,15.7,81
2020-07-08,Bangkok,Tropical,31.6,0.1,78.5,27.9,51
2020-07-15,Bangkok,Tropical,30.1,22.4,66.1,15.4,48
2020-07-22,Bangkok,Tropical,32.7,21.7,53.9,4.0,191
2020-07-29,Bangkok,Tropical,31.5,8.7,86.2,16.3,162
2020-08-05,Bangkok,Tropical,24.2,0.6,72.0,0.1,154
2020-08-12,Bangkok,Tropical,24.0,0.6,81.0,31.8,103
2020-08-19,Bangkok,Tropical,26.1,2.5,70.5,0.6,172
2020-08-26,Bangkok,Tropical,18.4,3.5,50.2,3.5,150
2020-09-02,Bangkok,Tropical,31.3,8.5,71.5,10.9,32
2020-09-09,Bangkok,Tropical,20.0,0.5,54.1,31.5,38
2020-09-16,Bangkok,Tropical,21.9,2.8,30.7,26.1,168
2020-09-23,Bangkok,Tropical,26.6,6.4,83.0,9.6,37
2020-09-30,Bangkok,Tropical,23.0,1.3,35.9,38.8,160
2020-10-07,Bangkok,Tropical,23.2,10.2,30.2,0.2,155
2020-10-14,Bangkok,Tropical,23.8,6.8,78.9,11.6,32
2020-10-21,Bangkok,Tropical,30.2,2.5,41.1,15.7,61
2020-10-28,Bangkok,Tropical,25.0,12.4,46.7,2.1,144
2020-11-04,Bangkok,Tropical,24.8,9.8,85.5,17.5,187
2020-11-11,Bangkok,Tropical,23.7,0.7,39.4,11.5,190
2020-11-18,Bangkok,Tropical,23.4,0.3,71.7,17.9,87
2020-11-25,Bangkok,Tropical,24.5,6.1,51.6,0.5,88
2020-12-02,Bangkok,Tropical,26.6,9.4,48.6,2.2,107
2020-12-09,Bangkok,Tropical,21.7,4.8,56.6,2.8,133
2020-12-16,Bangkok,Tropical,33.6,1.9,53.2,9.7,158
2020-12-23,Bangkok,Tropical,24.9,0.1,71.7,16.5,138
2020-12-30,Bangkok,Tropical,27.9,0.0,61.9,1.1,104
2021-01-06,Bangkok,Tropical,34.4,6.4,54.7,0.2,152
2021-01-13,Bangkok,Tropical,34.0,5.8,80.3,12.3,137
2021-01-20,Bangkok,Tropical,34.2,14.0,49.0,10.6,186
2021-01-27,Bangkok,Tropical,38.7,5.7,73.2,0.9,187
2021-02-03,Bangkok,Tropical,37.2,10.2,56.9,38.8,190
2021-02-10,Bangkok,Tropical,40.7,13.1,79.3,2.5,67
2021-02-17,Bangkok,Tropical,41.0,0.4,80.2,1.9,161
2021-02-24,Bangkok,Tropical,36.4,2.0,72.3,11.3,136
2021-03-03,Bangkok,Tropical,40.6,0.3,74.9,8.3,105
2021-03-10,Bangkok,Tropical,42.5,1.9,60.1,4.1,148
2021-03-17,Bangkok,Tropical,41.5,7.7,75.1,2.3,154
2021-03-24,Bangkok,Tropical,41.5,4.9,51.5,18.6,190
2021-03-31,Bangkok,Tropical,42.2,6.6,89.6,11.4,93
2021-04-07,Bangkok,Tropical,41.1,0.9,46.7,4.0,122
2021-04-14,Bangkok,Tropical,42.6,3.6,54.2,5.2,45
2021-04-21,Bangkok,Tropical,43.0,0.1,64.5,2.4,182
2021-04-28,Bangkok,Tropical,46.5,13.3,55.7,4.0,139
2021-05-05,Bangkok,Tropical,43.3,10.0,49.4,6.2,146
2021-05-12,Bangkok,Tropical,35.1,3.2,85.2,12.9,81
2021-05-19,Bangkok,Tropical,37.3,4.0,31.4,14.4,154
2021-05-26,Bangkok,Tropical,31.9,1.1,78.5,0.6,180
2021-06-02,Bangkok,Tropical,39.0,4.2,66.7,8.0,28
2021-06-09,Bangkok,Tropical,39.6,2.0,74.4,19.8,44
2021-06-16,Bangkok,Tropical,36.5,2.1,84.0,0.5,115
2021-06-23,Bangkok,Tropical,28.9,19.4,77.8,3.6,181
2021-06-30,Bangkok,Tropical,30.5,7.1,47.8,5.6,20
2021-07-07,Bangkok,Tropical,31.6,11.3,44.2,4.2,91
2021-07-14,Bangkok,Tropical,31.0,8.1,77.3,14.3,137
2021-07-21,Bangkok,Tropical,31.4,0.8,50.1,7.3,81
2021-07-28,Bangkok,Tropical,25.9,4.3,64.7,2.3,181
2021-08-04,Bangkok,Tropical,22.2,1.3,82.7,18.1,142
2021-08-11,Bangkok,Tropical,28.7,7.2,66.5,1.1,86
2021-08-18,Bangkok,Tropical,25.3,3.0,76.5,2.3,150
2021-08-25,Bangkok,Tropical,21.3,5.2,31.7,0.2,36
2021-09-01,Bangkok,Tropical,25.9,2.8,85.4,0.8,46
2021-09-08,Bangkok,Tropical,26.1,1.2,49.4,7.3,66
2021-09-15,Bangkok,Tropical,19.1,2.4,67.7,7.9,191
2021-09-22,Bangkok,Tropical,21.1,8.1,66.7,4.7,152
2021-09-29,Bangkok,Tropical,16.9,0.6,34.5,4.3,139
2021-10-06,Bangkok,Tropical,20.8,22.1,69.9,11.4,146
2021-10-13,Bangkok,Tropical,26.4,4.0,80.8,7.3,77
2021-10-20,Bangkok,Tropical,22.7,2.9,79.4,25.7,106
2021-10-27,Bangkok,Tropical,23.7,2.8,65.6,2.7,196
2021-11-03,Bangkok,Tropical,30.8,0.3,87.9,19.1,91
2021-11-10,Bangkok,Tropical,23.0,1.7,70.8,3.8,112
2021-11-17,Bangkok,Tropical,26.4,5.4,88.5,20.6,106
2021-11-24,Bangkok,Tropical,26.6,2.2,44.0,9.6,177
2021-12-01,Bangkok,Tropical,29.7,4.9,61.3,19.8,29
2021-12-08,Bangkok,Tropical,26.8,5.7,36.1,4.0,98
2021-12-15,Bangkok,Tropical,20.6,0.4,41.8,6.6,86
2021-12-22,Bangkok,Tropical,28.5,3.1,45.4,19.0,60
2021-12-29,Bangkok,Tropical,24.9,4.8,88.6,1.2,108
2022-01-05,Bangkok,Tropical,34.4,7.4,83.9,4.1,55
2022-01-12,Bangkok,Tropical,34.0,0.5,33.2,19.4,44
2022-01-19,Bangkok,Tropical,32.7,4.8,30.5,15.0,84
2022-01-26,Bangkok,Tropical,36.4,1.2,52.5,0.1,52
2022-02-02,Bangkok,Tropical,32.4,4.1,62.0,17.3,159
2022-02-09,Bangkok,Tropical,40.9,5.0,44.5,5.7,199
2022-02-16,Bangkok,Tropical,37.0,0.9,77.5,10.5,41
2022-02-23,Bangkok,Tropical,39.7,12.9,34.7,26.6,126
2022-03-02,Bangkok,Tropical,42.0,14.5,68.8,2.4,182
2022-03-09,Bangkok,Tropical,44.7,1.2,55.1,3.5,23
2022-03-16,Bangkok,Tropical,45.7,2.1,52.8,21.9,141
2022-03-23,Bangkok,Tropical,43.3,4.9,83.4,2.4,139
2022-03-30,Bangkok,Tropical,41.9,4.6,35.7,4.8,171
2022-04-06,Bangkok,Tropical,44.9,1.9,48.5,3.4,146
2022-04-13,Bangkok,Tropical,39.4,5.5,31.0,17.2,26
2022-04-20,Bangkok,Tropical,36.1,2.2,48.8,11.5,98
2022-04-27,Bangkok,Tropical,41.0,3.1,84.4,22.4,27
2022-05-04,Bangkok,Tropical,40.1,17.4,38.4,8.9,91
2022-05-11,Bangkok,Tropical,41.7,0.6,84.7,2.2,106
2022-05-18,Bangkok,Tropical,40.9,0.5,37.7,1.0,116
2022-05-25,Bangkok,Tropical,35.8,1.0,60.0,15.8,50
2022-06-01,Bangkok,Tropical,36.1,18.1,51.0,18.7,180
2022-06-08,Bangkok,Tropical,33.4,0.0,33.1,24.8,158
2022-06-15,Bangkok,Tropical,35.8,9.7,45.2,4.0,50
2022-06-22,Bangkok,Tropical,35.4,7.4,38.7,6.2,94
2022-06-29,Bangkok,Tropical,30.8,2.1,68.0,0.5,34
2022-07-06,Bangkok,Tropical,32.2,2.7,75.9,30.9,24
2022-07-13,Bangkok,Tropical,28.9,2.5,52.2,3.4,99
2022-07-20,Bangkok,Tropical,30.1,4.9,30.9,13.8,140
2022-07-27,Bangkok,Tropical,30.1,3.5,59.4,6.1,68
2022-08-03,Bangkok,Tropical,27.8,3.9,87.6,1.3,93
2022-08-10,Bangkok,Tropical,28.0,10.3,79.6,4.5,123
2022-08-17,Bangkok,Tropical,25.2,1.3,74.6,7.5,84
2022-08-24,Bangkok,Tropical,20.4,1.8,62.4,2.1,166
2022-08-31,Bangkok,Tropical,25.8,1.2,88.3,1.5,70
2022-09-07,Bangkok,Tropical,23.8,0.0,81.2,12.6,165
2022-09-14,Bangkok,Tropical,22.9,2.8,39.0,6.3,78
2022-09-21,Bangkok,Tropical,22.0,4.2,56.5,8.1,145
2022-09-28,Bangkok,Tropical,17.2,15.5,59.0,4.0,153
2022-10-05,Bangkok,Tropical,23.2,1.5,37.8,7.2,32
2022-10-12,Bangkok,Tropical,20.8,0.0,60.5,63.8,138
2022-10-19,Bangkok,Tropical,21.5,2.7,57.7,15.7,185
2022-10-26,Bangkok,Tropical,20.5,1.3,58.1,5.5,150
2022-11-02,Bangkok,Tropical,22.1,17.5,85.6,16.0,178
2022-11-09,Bangkok,Tropical,22.0,1.4,43.1,1.5,183
2022-11-16,Bangkok,Tropical,28.0,7.1,57.2,2.4,80
2022-11-23,Bangkok,Tropical,22.9,5.7,51.0,2.4,162
2022-11-30,Bangkok,Tropical,23.2,0.3,57.3,15.9,41
2022-12-07,Bangkok,Tropical,27.6,3.1,31.5,8.4,85
2022-12-14,Bangkok,Tropical,29.0,0.3,43.6,15.7,75
2022-12-21,Bangkok,Tropical,28.4,0.7,34.5,48.5,103
2022-12-28,Bangkok,Tropical,28.2,4.9,79.3,7.2,190
2023-01-04,Bangkok,Tropical,34.3,2.4,88.9,10.9,185
2023-01-11,Bangkok,Tropical,30.7,1.1,81.8,3.9,177
2023-01-18,Bangkok,Tropical,32.3,2.2,89.3,15.3,99
2023-01-25,Bangkok,Tropical,33.0,21.5,55.5,9.3,80
2023-02-01,Bangkok,Tropical,38.5,2.6,31.0,9.0,50
2023-02-08,Bangkok,Tropical,41.2,19.7,49.5,2.7,124
2023-02-15,Bangkok,Tropical,40.7,0.3,48.8,1.6,104
2023-02-22,Bangkok,Tropical,36.6,1.1,62.2,18.9,103
2023-03-01,Bangkok,Tropical,41.5,4.8,67.6,3.5,45
2023-03-08,Bangkok,Tropical,43.4,0.5,66.3,11.4,39
2023-03-15,Bangkok,Tropical,39.9,3.7,36.9,47.9,45
2023-03-22,Bangkok,Tropical,46.6,3.8,71.0,10.1,30
2023-03-29,Bangkok,Tropical,45.0,2.4,54.7,11.2,175
2023-04-05,Bangkok,Tropical,39.5,5.5,84.0,3.4,132
2023-04-12,Bangkok,Tropical,38.7,17.1,78.7,1.2,166
2023-04-19,Bangkok,Tropical,42.2,3.5,39.7,4.6,32
2023-04-26,Bangkok,Tropical,34.4,0.5,78.1,24.7,199
2023-05-03,Bangkok,Tropical,43.0,11.9,34.3,10.1,33
2023-05-10,Bangkok,Tropical,41.7,5.1,53.3,5.5,101
2023-05-17,Bangkok,Tropical,40.1,0.2,71.7,5.8,138
2023-05-24,Bangkok,Tropical,39.8,3.2,64.5,4.9,23
2023-05-31,Bangkok,Tropical,40.5,8.6,57.1,9.3,116
2023-06-07,Bangkok,Tropical,35.2,0.5,74.3,12.2,132
2023-06-14,Bangkok,Tropical,34.0,5.2,34.9,1.5,171
2023-06-21,Bangkok,Tropical,37.9,9.8,86.4,2.3,55
2023-06-28,Bangkok,Tropical,34.9,1.4,51.5,24.6,56
2023-07-05,Bangkok,Tropical,31.2,0.1,33.9,7.7,56
2023-07-12,Bangkok,Tropical,35.4,1.2,73.3,16.6,168
2023-07-19,Bangkok,Tropical,27.3,5.7,75.8,48.2,132
2023-07-26,Bangkok,Tropical,32.4,1.4,71.0,0.9,192
2023-08-02,Bangkok,Tropical,28.4,2.5,40.8,3.4,180
2023-08-09,Bangkok,Tropical,26.6,14.2,81.0,18.6,108
2023-08-16,Bangkok,Tropical,25.0,7.9,46.0,9.2,155
2023-08-23,Bangkok,Tropical,23.5,2.9,62.1,26.9,62
2023-08-30,Bangkok,Tropical,21.1,0.5,34.3,1.0,57
2023-09-06,Bangkok,Tropical,26.3,2.4,81.8,10.8,54
2023-09-13,Bangkok,Tropical,25.5,6.8,44.7,13.0,67
2023-09-20,Bangkok,Tropical,19.8,2.9,83.3,2.9,87
2023-09-27,Bangkok,Tropical,23.1,7.0,42.8,12.6,28
2023-10-04,Bangkok,Tropical,25.2,6.4,66.9,1.6,91
2023-10-11,Bangkok,Tropical,17.0,7.0,73.3,1.5,62
2023-10-18,Bangkok,Tropical,22.2,1.0,77.8,6.1,65
2023-10-25,Bangkok,Tropical,17.8,5.1,56.2,1.0,100
2023-11-01,Bangkok,Tropical,20.9,7.5,33.4,7.4,147
2023-11-08,Bangkok,Tropical,24.4,0.4,84.2,23.8,50
2023-11-15,Bangkok,Tropical,22.9,13.0,78.7,17.6,85
2023-11-22,Bangkok,Tropical,24.2,4.1,71.1,33.2,85
2023-11-29,Bangkok,Tropical,22.8,3.2,44.0,8.9,182
2023-12-06,Bangkok,Tropical,28.0,7.2,52.0,7.9,113
2023-12-13,Bangkok,Tropical,27.6,0.5,75.0,1.9,148
2023-12-20,Bangkok,Tropical,30.3,8.8,78.1,13.0,164
2023-12-27,Bangkok,Tropical,31.1,5.6,70.2,11.0,123
2024-01-03,Bangkok,Tropical,36.6,1.8,62.6,5.7,199
2024-01-10,Bangkok,Tropical,31.3,3.9,67.7,27.4,164
2024-01-17,Bangkok,Tropical,36.0,4.4,66.8,17.2,73
2024-01-24,Bangkok,Tropical,34.9,3.2,55.2,2.0,88
2024-01-31,Bangkok,Tropical,33.3,0.8,37.2,9.9,170
2024-02-07,Bangkok,Tropical,39.6,1.4,62.6,16.0,70
2024-02-14,Bangkok,Tropical,37.1,5.9,61.3,37.7,25
2024-02-21,Bangkok,Tropical,45.1,7.8,87.3,5.3,198
2024-02-28,Bangkok,Tropical,38.0,2.4,52.5,2.8,116
2024-03-06,Bangkok,Tropical,43.9,0.3,71.8,0.5,48
2024-03-13,Bangkok,Tropical,40.9,4.5,47.2,9.0,50
2024-03-20,Bangkok,Tropical,35.7,2.5,60.4,54.8,138
2024-03-27,Bangkok,Tropical,43.4,0.8,63.1,1.6,63
2024-04-03,Bangkok,Tropical,33.8,13.5,41.7,14.5,69
2024-04-10,Bangkok,Tropical,43.2,0.5,86.8,0.8,128
2024-04-17,Bangkok,Tropical,45.5,2.7,48.0,10.7,86
2024-04-24,Bangkok,Tropical,41.6,3.1,61.4,2.7,92
2024-05-01,Bangkok,Tropical,40.8,17.7,77.2,7.8,148
2024-05-08,Bangkok,Tropical,39.7,3.9,59.5,16.2,26
2024-05-15,Bangkok,Tropical,35.6,10.5,61.7,4.1,121
2024-05-22,Bangkok,Tropical,39.8,3.2,43.0,4.1,139
2024-05-29,Bangkok,Tropical,40.9,18.0,76.9,1.5,107
2024-06-05,Bangkok,Tropical,34.3,1.0,65.1,10.9,46
2024-06-12,Bangkok,Tropical,38.6,10.7,52.3,0.8,63
2024-06-19,Bangkok,Tropical,41.8,11.9,67.5,3.6,99
2024-06-26,Bangkok,Tropical,36.7,7.0,78.2,8.1,47
2024-07-03,Bangkok,Tropical,30.5,7.0,38.5,1.1,74
2024-07-10,Bangkok,Tropical,29.8,6.3,59.2,5.5,197
2024-07-17,Bangkok,Tropical,28.4,2.0,50.3,2.2,139
2024-07-24,Bangkok,Tropical,31.0,12.0,47.0,23.0,140
2024-07-31,Bangkok,Tropical,32.3,2.0,64.5,3.5,29
2024-08-07,Bangkok,Tropical,28.6,7.2,44.6,18.3,166
2024-08-14,Bangkok,Tropical,27.1,5.7,68.7,12.4,72
2024-08-21,Bangkok,Tropical,24.4,14.0,55.7,4.4,166
2024-08-28,Bangkok,Tropical,25.6,10.7,77.5,8.1,83
2024-09-04,Bangkok,Tropical,17.4,1.7,52.0,9.7,191
2024-09-11,Bangkok,Tropical,20.9,1.7,70.4,0.2,121
2024-09-18,Bangkok,Tropical,19.7,1.2,36.6,17.7,53
2024-09-25,Bangkok,Tropical,23.1,0.4,56.7,18.9,40
2024-10-02,Bangkok,Tropical,21.3,1.9,56.6,1.3,98
2024-10-09,Bangkok,Tropical,20.7,0.3,44.2,5.6,22
2024-10-16,Bangkok,Tropical,23.9,17.7,83.0,29.1,124
2024-10-23,Bangkok,Tropical,21.8,0.2,40.1,13.0,181
2024-10-30,Bangkok,Tropical,23.8,0.9,33.9,5.9,145
2024-11-06,Bangkok,Tropical,26.0,14.5,30.4,6.2,182
2024-11-13,Bangkok,Tropical,24.0,12.0,61.1,0.8,118
2024-11-20,Bangkok,Tropical,25.6,4.2,67.0,15.6,167
2024-11-27,Bangkok,Tropical,27.5,2.3,30.6,11.7,131
2024-12-04,Bangkok,Tropical,29.0,26.2,74.1,2.4,86
2024-12-11,Bangkok,Tropical,32.3,6.7,40.9,31.9,140
2024-12-18,Bangkok,Tropical,27.1,4.1,78.7,13.7,122
2024-12-25,Bangkok,Tropical,28.7,5.6,62.9,0.0,63
